COMPETITION_WYID,MATCH_WYID,TEAM_WYID,SIDE,HASFORMATION,PLAYER_WYID,PLAYERGOALS,PLAYEROWNGOALS,PLAYERYELLOWCARDS,PLAYERREDCARDS,PLAYERSHIRTNUMBER,PLAYERASSISTS
335,5345438,7453,away,1,334043,0,0,0,0,8,0
335,5345438,7453,away,1,54485,0,0,0,0,9,0
335,5345438,7453,away,1,26652,0,0,0,0,10,0
335,5345438,7453,away,1,169212,0,0,0,0,27,0
335,5345438,7453,away,1,244135,0,0,0,0,5,0
335,5345438,7453,away,1,513075,0,0,0,0,23,0
335,5345438,7453,away,1,258614,0,0,59,0,28,0
335,5345438,7453,away,1,69374,0,0,0,0,22,0
335,5345438,7453,away,1,412012,0,0,0,0,18,0
335,5345438,7453,away,1,476345,0,0,0,0,1,0
335,5345438,7453,away,1,562633,0,0,0,0,7,0
335,5345438,7456,home,1,638476,0,0,0,0,30,0
335,5345438,7456,home,1,536673,0,0,0,0,10,0
335,5345438,7456,home,1,365445,0,0,34,0,11,0
335,5345438,7456,home,1,232015,0,0,0,0,14,0
335,5345438,7456,home,1,444298,0,0,0,0,17,0
335,5345438,7456,home,1,619908,0,0,0,0,2,0
335,5345438,7456,home,1,56334,0,0,0,0,13,0
335,5345438,7456,home,1,538640,0,0,0,0,1,0
335,5345438,7456,home,1,334056,0,0,0,0,4,0
335,5345438,7456,home,1,449421,0,0,0,0,23,0
335,5345438,7456,home,1,399607,0,0,0,0,5,0
335,5345501,7453,home,1,356393,0,0,0,0,6,0
335,5345501,7453,home,1,169212,0,0,0,0,27,0
335,5345501,7453,home,1,496678,0,0,0,0,11,1
335,5345501,7453,home,1,562633,1,0,0,0,7,0
335,5345501,7453,home,1,363625,0,0,0,0,15,0
335,5345501,7453,home,1,26652,0,0,0,0,10,0
335,5345501,7453,home,1,519629,0,0,0,0,32,0
335,5345501,7453,home,1,449763,0,0,0,0,4,0
335,5345501,7453,home,1,334043,0,0,0,0,8,0
335,5345501,7453,home,1,476345,0,0,0,0,1,0
335,5345501,7453,home,1,54485,1,0,0,0,9,0
335,5345501,7461,away,1,56390,0,0,0,0,7,0
335,5345501,7461,away,1,433757,0,0,0,0,8,0
335,5345501,7461,away,1,494548,0,0,37,0,27,1
335,5345501,7461,away,1,450074,0,0,0,0,21,0
335,5345501,7461,away,1,423422,0,0,0,0,4,0
335,5345501,7461,away,1,516745,0,0,0,0,29,0
335,5345501,7461,away,1,347364,0,0,0,0,14,0
335,5345501,7461,away,1,56378,0,0,0,0,1,0
335,5345501,7461,away,1,449721,1,0,0,0,5,0
335,5345501,7461,away,1,576284,0,0,0,0,23,0
335,5345501,7461,away,1,288618,0,0,0,0,20,0
335,5227214,7453,away,1,449089,0,0,0,0,25,0
335,5227214,7453,away,1,257943,1,0,0,0,11,0
335,5227214,7453,away,1,203245,0,0,0,0,9,0
335,5227214,7453,away,1,476350,0,0,85,0,28,0
335,5227214,7453,away,1,258614,0,0,0,0,2,1
335,5227214,7453,away,1,56079,0,0,50,0,14,0
335,5227214,7453,away,1,544937,0,0,0,0,19,0
335,5227214,7453,away,1,476345,0,0,0,0,30,0
335,5227214,7453,away,1,169212,0,0,0,0,27,0
335,5227214,7453,away,1,207480,0,0,0,0,4,0
335,5227214,7453,away,1,481900,0,0,0,0,42,0
335,5227214,7473,home,1,479138,1,0,0,0,27,0
335,5227214,7473,home,1,484163,0,0,0,0,11,0
335,5227214,7473,home,1,416018,0,0,0,0,10,1
335,5227214,7473,home,1,223548,0,0,0,0,1,0
335,5227214,7473,home,1,135789,0,0,0,0,22,0
335,5227214,7473,home,1,447397,0,0,0,0,4,0
335,5227214,7473,home,1,56142,0,0,0,0,20,0
335,5227214,7473,home,1,388051,0,0,95,0,77,1
335,5227214,7473,home,1,241647,0,0,0,0,6,0
335,5227214,7473,home,1,56325,0,0,0,0,3,0
335,5227214,7473,home,1,543966,1,0,0,0,9,0
335,5465927,7453,home,1,412012,0,0,0,0,18,0
335,5465927,7453,home,1,26652,0,0,0,0,10,0
335,5465927,7453,home,1,496678,0,0,0,0,11,1
335,5465927,7453,home,1,514807,0,0,0,0,36,0
335,5465927,7453,home,1,54485,0,0,0,0,9,0
335,5465927,7453,home,1,363625,0,0,0,0,15,0
335,5465927,7453,home,1,519629,0,0,0,0,32,0
335,5465927,7453,home,1,69374,0,0,0,0,22,0
335,5465927,7453,home,1,562633,1,0,0,0,7,0
335,5465927,7453,home,1,372289,0,0,0,0,5,0
335,5465927,7453,home,1,56223,0,0,0,0,16,0
335,5465927,7460,away,1,584117,0,0,0,0,10,0
335,5465927,7460,away,1,623240,0,0,0,0,21,0
335,5465927,7460,away,1,338649,0,0,0,0,7,0
335,5465927,7460,away,1,578582,0,0,26,0,23,0
335,5465927,7460,away,1,484544,1,0,41,0,8,0
335,5465927,7460,away,1,56297,0,0,0,0,4,0
335,5465927,7460,away,1,476346,0,0,0,0,13,0
335,5465927,7460,away,1,257044,0,0,0,0,20,0
335,5465927,7460,away,1,272406,0,0,0,0,6,1
335,5465927,7460,away,1,678648,0,0,0,0,28,0
335,5465927,7460,away,1,603153,0,0,88,0,22,0
335,5452142,7453,away,1,363625,0,0,0,0,15,0
335,5452142,7453,away,1,169212,0,0,0,0,27,0
335,5452142,7453,away,1,628964,0,0,0,0,2,0
335,5452142,7453,away,1,449089,0,0,86,0,25,0
335,5452142,7453,away,1,449763,0,0,0,0,4,0
335,5452142,7453,away,1,26652,0,0,0,0,10,0
335,5452142,7453,away,1,412012,0,0,0,0,18,0
335,5452142,7453,away,1,476345,0,0,0,0,1,0
335,5452142,7453,away,1,514807,0,0,70,0,36,0
335,5452142,7453,away,1,562633,0,0,42,0,7,0
335,5452142,7453,away,1,54485,1,0,76,0,9,0
335,5452142,7458,home,1,620379,0,0,0,0,29,0
335,5452142,7458,home,1,543966,0,0,0,0,21,0
335,5452142,7458,home,1,636225,0,0,0,0,27,0
335,5452142,7458,home,1,605991,0,0,0,0,10,0
335,5452142,7458,home,1,224154,0,0,77,0,13,0
335,5452142,7458,home,1,620366,0,0,0,0,39,0
335,5452142,7458,home,1,817448,1,0,0,0,37,0
335,5452142,7458,home,1,544934,0,0,49,0,6,1
335,5452142,7458,home,1,55955,0,0,0,0,4,0
335,5452142,7458,home,1,495728,1,0,92,0,5,0
335,5452142,7458,home,1,544941,0,0,0,0,23,0
335,5345453,7452,away,1,707333,0,0,39,0,34,0
335,5345453,7452,away,1,579409,0,0,0,0,27,0
335,5345453,7452,away,1,638485,0,0,0,0,35,0
335,5345453,7452,away,1,42,0,0,0,0,20,0
335,5345453,7452,away,1,118386,0,0,0,0,5,0
335,5345453,7452,away,1,579397,0,0,0,0,19,0
335,5345453,7452,away,1,586625,0,0,15,0,8,0
335,5345453,7452,away,1,406041,0,0,0,0,1,0
335,5345453,7452,away,1,56441,0,0,40,0,12,0
335,5345453,7452,away,1,498845,0,0,0,0,15,0
335,5345453,7452,away,1,51144,0,0,0,0,7,0
335,5345453,7453,home,1,169212,0,0,37,0,27,0
335,5345453,7453,home,1,449089,0,0,85,0,25,0
335,5345453,7453,home,1,26652,0,0,0,0,10,1
335,5345453,7453,home,1,244135,0,0,0,0,5,0
335,5345453,7453,home,1,69374,0,0,0,0,22,0
335,5345453,7453,home,1,334043,0,0,0,0,8,0
335,5345453,7453,home,1,476345,0,0,0,0,1,0
335,5345453,7453,home,1,562633,0,0,0,0,7,0
335,5345453,7453,home,1,54485,1,0,0,0,9,0
335,5345453,7453,home,1,207480,0,0,40,95,4,0
335,5345453,7453,home,1,363625,0,0,0,0,15,0
335,5227327,7453,away,1,356393,0,0,0,0,6,0
335,5227327,7453,away,1,334043,0,0,0,0,8,0
335,5227327,7453,away,1,676912,0,0,0,59,3,0
335,5227327,7453,away,1,510447,0,0,0,0,24,0
335,5227327,7453,away,1,449089,0,0,66,0,25,0
335,5227327,7453,away,1,399566,0,0,0,0,17,0
335,5227327,7453,away,1,244135,0,0,0,0,5,0
335,5227327,7453,away,1,363625,0,0,0,0,15,0
335,5227327,7453,away,1,69374,0,0,0,0,22,0
335,5227327,7453,away,1,476345,0,0,0,0,30,0
335,5227327,7453,away,1,207480,0,0,0,0,4,0
335,5227327,7454,home,1,56383,0,0,0,0,3,0
335,5227327,7454,home,1,56390,0,0,0,0,17,1
335,5227327,7454,home,1,300647,1,0,0,0,9,0
335,5227327,7454,home,1,56311,0,0,0,0,2,0
335,5227327,7454,home,1,562503,2,0,0,0,18,0
335,5227327,7454,home,1,400346,0,0,0,0,15,0
335,5227327,7454,home,1,207931,0,0,91,0,5,0
335,5227327,7454,home,1,208089,0,0,0,0,8,0
335,5227327,7454,home,1,53031,0,0,0,0,1,0
335,5227327,7454,home,1,407367,0,0,0,0,16,0
335,5227327,7454,home,1,544926,0,0,0,0,4,0
335,5465944,7453,away,1,334043,0,0,40,0,8,0
335,5465944,7453,away,1,54485,0,0,0,0,9,0
335,5465944,7453,away,1,363625,0,0,0,0,15,0
335,5465944,7453,away,1,514807,0,0,0,0,36,0
335,5465944,7453,away,1,26652,0,0,0,0,10,0
335,5465944,7453,away,1,519629,0,0,0,0,32,0
335,5465944,7453,away,1,676912,0,0,51,0,3,0
335,5465944,7453,away,1,281248,0,0,59,0,4,0
335,5465944,7453,away,1,56079,0,0,0,0,14,0
335,5465944,7453,away,1,562633,1,0,0,0,7,0
335,5465944,7453,away,1,56223,0,0,0,0,16,0
335,5465944,7455,home,1,603240,0,0,0,0,10,0
335,5465944,7455,home,1,471107,0,0,0,0,58,0
335,5465944,7455,home,1,752487,0,0,0,0,17,0
335,5465944,7455,home,1,485562,0,0,0,0,5,0
335,5465944,7455,home,1,446138,0,0,33,0,35,0
335,5465944,7455,home,1,56038,0,0,0,0,1,0
335,5465944,7455,home,1,381945,0,0,0,0,73,0
335,5465944,7455,home,1,134997,0,0,0,0,8,0
335,5465944,7455,home,1,475116,0,0,0,0,44,0
335,5465944,7455,home,1,452592,0,0,0,0,24,0
335,5465944,7455,home,1,296672,0,0,0,0,29,0
335,5466028,7453,away,1,54485,1,0,0,0,9,0
335,5466028,7453,away,1,658561,1,0,0,0,28,0
335,5466028,7453,away,1,334043,0,0,0,0,8,0
335,5466028,7453,away,1,26652,0,0,61,0,10,0
335,5466028,7453,away,1,628964,0,0,0,0,2,0
335,5466028,7453,away,1,281248,0,0,0,0,4,0
335,5466028,7453,away,1,510447,0,0,0,0,24,0
335,5466028,7453,away,1,562633,0,0,0,0,7,2
335,5466028,7453,away,1,269698,0,0,0,0,1,0
335,5466028,7453,away,1,372289,0,0,0,0,5,0
335,5466028,7453,away,1,268785,0,0,0,0,31,0
335,5466028,7460,home,1,569151,0,0,0,0,17,0
335,5466028,7460,home,1,284615,0,0,0,0,3,0
335,5466028,7460,home,1,14702,0,0,27,0,15,0
335,5466028,7460,home,1,56138,0,0,0,0,9,0
335,5466028,7460,home,1,620743,0,0,0,0,10,0
335,5466028,7460,home,1,56297,0,0,55,0,4,0
335,5466028,7460,home,1,50805,0,0,0,0,25,0
335,5466028,7460,home,1,257044,0,0,0,0,20,0
335,5466028,7460,home,1,603153,0,0,0,0,22,0
335,5466028,7460,home,1,678648,0,0,0,0,28,0
335,5466028,7460,home,1,281452,0,0,0,0,16,0
335,5345401,7452,home,1,498845,0,0,0,0,15,0
335,5345401,7452,home,1,335381,0,0,0,0,2,0
335,5345401,7452,home,1,599991,0,0,0,0,30,0
335,5345401,7452,home,1,56145,1,0,0,0,33,0
335,5345401,7452,home,1,118386,0,0,0,0,5,0
335,5345401,7452,home,1,262121,0,0,0,0,3,1
335,5345401,7452,home,1,50771,0,0,0,0,21,0
335,5345401,7452,home,1,56441,0,0,43,0,12,0
335,5345401,7452,home,1,247223,3,0,0,0,16,0
335,5345401,7452,home,1,51144,0,0,0,0,7,0
335,5345401,7452,home,1,707333,0,0,0,0,34,0
335,5345401,7453,away,1,449089,0,0,0,0,25,0
335,5345401,7453,away,1,169212,0,0,0,0,27,0
335,5345401,7453,away,1,510447,0,0,0,0,24,1
335,5345401,7453,away,1,628964,0,0,0,0,2,0
335,5345401,7453,away,1,363625,0,0,0,0,15,0
335,5345401,7453,away,1,513075,1,0,0,0,23,0
335,5345401,7453,away,1,676912,0,0,73,0,3,0
335,5345401,7453,away,1,356393,0,0,0,0,6,0
335,5345401,7453,away,1,69374,0,0,0,0,22,0
335,5345401,7453,away,1,412012,0,0,42,0,18,0
335,5345401,7453,away,1,476345,0,0,0,0,1,0
335,5345477,7453,home,1,258614,0,0,0,0,28,0
335,5345477,7453,home,1,69374,0,0,0,0,22,0
335,5345477,7453,home,1,363625,0,0,0,0,15,0
335,5345477,7453,home,1,169212,0,0,0,0,27,0
335,5345477,7453,home,1,244135,0,0,52,0,5,0
335,5345477,7453,home,1,26652,0,0,62,0,10,0
335,5345477,7453,home,1,412012,0,0,59,0,18,0
335,5345477,7453,home,1,334043,0,0,0,0,8,0
335,5345477,7453,home,1,476345,0,0,0,0,1,0
335,5345477,7453,home,1,562633,0,0,0,0,7,0
335,5345477,7453,home,1,54485,0,0,0,0,9,0
335,5345477,7456,away,1,593207,0,0,27,0,7,0
335,5345477,7456,away,1,638476,0,0,0,0,30,0
335,5345477,7456,away,1,444298,0,0,0,0,17,0
335,5345477,7456,away,1,56073,0,0,40,0,3,0
335,5345477,7456,away,1,232015,1,0,0,0,14,0
335,5345477,7456,away,1,619908,0,0,0,0,2,0
335,5345477,7456,away,1,436881,0,0,0,0,24,0
335,5345477,7456,away,1,365445,1,0,0,0,11,0
335,5345477,7456,away,1,56334,0,0,0,0,13,0
335,5345477,7456,away,1,538640,0,0,0,0,1,0
335,5345477,7456,away,1,334056,0,0,59,0,4,0
335,5465998,7453,home,1,334043,0,0,0,0,8,0
335,5465998,7453,home,1,54485,0,0,0,0,9,0
335,5465998,7453,home,1,514807,0,0,16,0,36,0
335,5465998,7453,home,1,26652,0,0,0,0,10,1
335,5465998,7453,home,1,519629,0,0,46,0,32,0
335,5465998,7453,home,1,281248,0,0,0,0,4,0
335,5465998,7453,home,1,56079,0,0,0,0,14,0
335,5465998,7453,home,1,412012,0,0,0,0,18,0
335,5465998,7453,home,1,562633,1,0,0,0,7,0
335,5465998,7453,home,1,269698,0,0,0,0,1,0
335,5465998,7453,home,1,268785,0,0,0,0,31,0
335,5465998,7457,away,1,633197,0,0,0,0,19,0
335,5465998,7457,away,1,400354,0,0,0,0,8,0
335,5465998,7457,away,1,443851,0,0,0,0,11,0
335,5465998,7457,away,1,410956,0,0,0,0,45,0
335,5465998,7457,away,1,347591,0,0,0,0,2,1
335,5465998,7457,away,1,289668,0,0,0,0,5,0
335,5465998,7457,away,1,604144,0,0,0,0,15,0
335,5465998,7457,away,1,190470,0,0,0,0,6,0
335,5465998,7457,away,1,56273,1,0,0,0,9,0
335,5465998,7457,away,1,516196,0,0,0,0,14,0
335,5465998,7457,away,1,454213,0,0,0,0,31,0
335,5227303,7453,away,1,382384,0,0,0,0,12,0
335,5227303,7453,away,1,510447,0,0,0,0,24,0
335,5227303,7453,away,1,449089,1,0,0,0,25,1
335,5227303,7453,away,1,399566,1,0,0,0,17,0
335,5227303,7453,away,1,244135,0,0,0,0,5,0
335,5227303,7453,away,1,676912,0,0,0,0,3,0
335,5227303,7453,away,1,356393,0,0,0,0,6,0
335,5227303,7453,away,1,69374,0,0,46,0,22,0
335,5227303,7453,away,1,56079,0,0,0,0,14,1
335,5227303,7453,away,1,476345,0,0,0,0,30,0
335,5227303,7453,away,1,207480,0,0,45,0,4,0
335,5227303,7458,home,1,636225,0,0,0,0,27,0
335,5227303,7458,home,1,517648,0,0,0,0,22,0
335,5227303,7458,home,1,524508,0,0,0,0,48,0
335,5227303,7458,home,1,494013,0,0,0,0,8,0
335,5227303,7458,home,1,544936,0,0,0,0,18,0
335,5227303,7458,home,1,224154,0,0,0,0,13,0
335,5227303,7458,home,1,682098,0,0,0,0,7,0
335,5227303,7458,home,1,544348,0,0,0,0,9,0
335,5227303,7458,home,1,56643,0,0,0,0,15,0
335,5227303,7458,home,1,55955,0,0,0,0,4,0
335,5227303,7458,home,1,544941,0,0,0,0,23,0
335,5345385,7453,home,1,636921,0,0,0,0,41,0
335,5345385,7453,home,1,514807,0,0,0,0,36,0
335,5345385,7453,home,1,449089,1,0,0,0,25,0
335,5345385,7453,home,1,363625,0,0,0,0,15,0
335,5345385,7453,home,1,513075,0,0,0,0,23,0
335,5345385,7453,home,1,69374,0,0,0,0,22,0
335,5345385,7453,home,1,412012,0,0,0,0,18,0
335,5345385,7453,home,1,476345,0,0,0,0,1,0
335,5345385,7453,home,1,169212,0,0,0,0,27,0
335,5345385,7453,home,1,207480,0,0,0,0,4,0
335,5345385,7453,home,1,628964,0,0,0,0,2,0
335,5345385,7457,away,1,476349,0,0,7,0,37,0
335,5345385,7457,away,1,400354,0,0,27,0,8,0
335,5345385,7457,away,1,633197,0,0,0,0,19,0
335,5345385,7457,away,1,190470,0,0,0,0,6,0
335,5345385,7457,away,1,516196,0,0,0,0,14,0
335,5345385,7457,away,1,289668,0,0,0,0,5,0
335,5345385,7457,away,1,56092,0,0,0,0,1,0
335,5345385,7457,away,1,451410,0,0,0,0,7,0
335,5345385,7457,away,1,56273,0,0,0,0,9,0
335,5345385,7457,away,1,390970,0,0,0,0,10,0
335,5345385,7457,away,1,520617,0,0,0,0,4,0
335,5575657,7453,away,1,609365,0,0,0,0,11,1
335,5575657,7453,away,1,624751,0,0,0,0,35,0
335,5575657,7453,away,1,26652,0,0,0,0,10,0
335,5575657,7453,away,1,69374,0,0,0,0,22,0
335,5575657,7453,away,1,510447,0,0,0,0,24,0
335,5575657,7453,away,1,281248,0,0,0,0,4,0
335,5575657,7453,away,1,240050,0,0,0,0,30,0
335,5575657,7453,away,1,412012,0,0,84,0,18,0
335,5575657,7453,away,1,269698,0,0,0,0,1,0
335,5575657,7453,away,1,268785,0,0,82,0,31,0
335,5575657,7453,away,1,658561,1,0,0,0,28,0
335,5575657,7458,home,1,619990,0,0,0,0,21,0
335,5575657,7458,home,1,636225,0,0,0,0,27,0
335,5575657,7458,home,1,234377,0,0,0,0,7,0
335,5575657,7458,home,1,495728,0,0,0,0,5,0
335,5575657,7458,home,1,224154,0,0,0,0,13,0
335,5575657,7458,home,1,620366,0,0,74,0,39,0
335,5575657,7458,home,1,682098,0,0,0,0,8,0
335,5575657,7458,home,1,568962,0,0,0,0,14,1
335,5575657,7458,home,1,239006,0,0,0,0,6,0
335,5575657,7458,home,1,55955,0,0,0,0,4,0
335,5575657,7458,home,1,544941,0,0,0,0,23,0
335,5227229,7453,away,1,476350,0,0,0,0,28,0
335,5227229,7453,away,1,69374,0,0,0,0,22,0
335,5227229,7453,away,1,169212,0,0,0,0,27,0
335,5227229,7453,away,1,449089,0,0,0,0,25,0
335,5227229,7453,away,1,399566,0,0,67,0,17,0
335,5227229,7453,away,1,244135,0,0,0,0,5,0
335,5227229,7453,away,1,56079,0,0,0,0,14,0
335,5227229,7453,away,1,412012,0,0,70,0,18,0
335,5227229,7453,away,1,544937,0,0,0,0,19,0
335,5227229,7453,away,1,476345,0,0,0,0,30,0
335,5227229,7453,away,1,257943,2,0,0,0,11,0
335,5227229,7460,home,1,56138,0,0,0,0,8,0
335,5227229,7460,home,1,234375,0,0,0,0,14,0
335,5227229,7460,home,1,57693,0,0,0,0,19,0
335,5227229,7460,home,1,120911,0,0,0,0,7,1
335,5227229,7460,home,1,56456,0,0,0,0,3,0
335,5227229,7460,home,1,492788,1,0,0,0,11,0
335,5227229,7460,home,1,50868,0,0,0,0,16,1
335,5227229,7460,home,1,239006,0,0,0,0,6,0
335,5227229,7460,home,1,482615,0,0,0,0,27,0
335,5227229,7460,home,1,521016,0,0,0,0,24,0
335,5227229,7460,home,1,56469,0,0,0,0,23,0
335,5465933,7453,away,1,69374,0,0,54,0,22,0
335,5465933,7453,away,1,676912,0,0,56,0,3,0
335,5465933,7453,away,1,514807,0,0,0,0,36,0
335,5465933,7453,away,1,363625,0,0,0,0,15,0
335,5465933,7453,away,1,26652,0,0,0,0,10,0
335,5465933,7453,away,1,519629,0,0,0,0,32,0
335,5465933,7453,away,1,281248,0,0,0,0,4,0
335,5465933,7453,away,1,56079,0,0,0,0,14,0
335,5465933,7453,away,1,562633,1,0,0,0,7,0
335,5465933,7453,away,1,54485,0,0,0,0,9,1
335,5465933,7453,away,1,56223,0,0,0,0,16,0
335,5465933,7458,home,1,568962,0,0,0,0,14,1
335,5465933,7458,home,1,636225,0,0,0,0,27,0
335,5465933,7458,home,1,55955,0,0,0,0,4,0
335,5465933,7458,home,1,817448,1,0,0,0,37,1
335,5465933,7458,home,1,239006,0,0,0,0,6,0
335,5465933,7458,home,1,224154,0,0,0,0,13,0
335,5465933,7458,home,1,620366,0,0,0,0,39,0
335,5465933,7458,home,1,605991,0,0,47,0,10,0
335,5465933,7458,home,1,495728,1,0,0,0,5,0
335,5465933,7458,home,1,234377,1,0,0,0,7,0
335,5465933,7458,home,1,544941,0,0,0,0,23,0
335,5465974,7453,away,1,510447,1,0,0,0,24,1
335,5465974,7453,away,1,514807,1,0,62,0,36,0
335,5465974,7453,away,1,26652,0,0,0,0,10,0
335,5465974,7453,away,1,519629,0,0,0,0,32,0
335,5465974,7453,away,1,69374,0,0,0,0,22,0
335,5465974,7453,away,1,281248,0,0,0,0,4,0
335,5465974,7453,away,1,412012,0,0,0,0,18,0
335,5465974,7453,away,1,269698,0,0,0,0,1,0
335,5465974,7453,away,1,268785,0,0,0,0,31,0
335,5465974,7453,away,1,562633,0,0,0,0,7,1
335,5465974,7453,away,1,54485,0,0,0,0,9,0
335,5465974,7490,home,1,483429,0,0,17,0,15,0
335,5465974,7490,home,1,449064,0,0,0,0,11,0
335,5465974,7490,home,1,449407,0,0,0,0,7,0
335,5465974,7490,home,1,56474,0,0,0,0,10,0
335,5465974,7490,home,1,335695,0,0,0,0,3,0
335,5465974,7490,home,1,270136,0,0,0,0,14,0
335,5465974,7490,home,1,56017,0,0,0,0,2,0
335,5465974,7490,home,1,471964,0,0,0,0,1,0
335,5465974,7490,home,1,234373,0,0,0,0,6,0
335,5465974,7490,home,1,370269,0,0,0,0,25,0
335,5465974,7490,home,1,330539,0,0,0,0,5,0
335,5328114,7453,home,1,514807,0,0,0,0,36,0
335,5328114,7453,home,1,513075,0,0,0,0,23,0
335,5328114,7453,home,1,207480,0,0,71,0,4,0
335,5328114,7453,home,1,449089,0,0,0,0,25,0
335,5328114,7453,home,1,399566,0,0,0,0,17,0
335,5328114,7453,home,1,244135,0,0,0,0,5,0
335,5328114,7453,home,1,363625,0,0,0,0,15,0
335,5328114,7453,home,1,356393,0,0,0,0,6,0
335,5328114,7453,home,1,510447,0,0,0,0,24,0
335,5328114,7453,home,1,476345,0,0,0,0,30,0
335,5328114,7453,home,1,169212,0,0,0,0,27,0
335,5328114,7454,away,1,56311,0,0,0,0,2,0
335,5328114,7454,away,1,56390,0,0,0,0,17,0
335,5328114,7454,away,1,300647,0,0,0,0,9,0
335,5328114,7454,away,1,56383,0,0,80,0,3,0
335,5328114,7454,away,1,207931,0,0,0,0,5,0
335,5328114,7454,away,1,208089,0,0,0,0,8,0
335,5328114,7454,away,1,53031,0,0,0,0,1,0
335,5328114,7454,away,1,562503,1,0,0,0,18,0
335,5328114,7454,away,1,450488,0,0,25,0,14,0
335,5328114,7454,away,1,544926,0,0,0,0,4,0
335,5328114,7454,away,1,56435,0,0,0,0,26,0
335,5227319,7453,home,1,334043,0,0,0,0,8,0
335,5227319,7453,home,1,510447,1,0,70,0,24,0
335,5227319,7453,home,1,449089,0,0,0,0,25,1
335,5227319,7453,home,1,399566,0,0,0,0,17,0
335,5227319,7453,home,1,244135,0,0,58,0,5,0
335,5227319,7453,home,1,363625,0,0,0,0,15,0
335,5227319,7453,home,1,676912,0,0,60,0,3,0
335,5227319,7453,home,1,356393,0,0,0,0,6,0
335,5227319,7453,home,1,69374,0,0,0,0,22,0
335,5227319,7453,home,1,476345,0,0,0,0,30,0
335,5227319,7453,home,1,207480,0,0,0,0,4,0
335,5227319,7457,away,1,512155,0,0,0,0,21,0
335,5227319,7457,away,1,633197,0,0,0,0,19,0
335,5227319,7457,away,1,7873,0,0,0,0,10,0
335,5227319,7457,away,1,222849,0,0,60,0,26,0
335,5227319,7457,away,1,453315,1,0,0,0,27,0
335,5227319,7457,away,1,56092,0,0,0,0,1,0
335,5227319,7457,away,1,400354,0,0,0,0,8,1
335,5227319,7457,away,1,479214,0,0,0,0,7,0
335,5227319,7457,away,1,190470,0,0,89,0,6,0
335,5227319,7457,away,1,476349,0,0,94,0,37,0
335,5227319,7457,away,1,520617,0,0,0,0,4,0
335,5328131,7453,away,1,412012,0,0,0,0,18,1
335,5328131,7453,away,1,169212,2,0,0,0,27,0
335,5328131,7453,away,1,334043,0,0,0,0,8,0
335,5328131,7453,away,1,449089,0,0,0,0,25,0
335,5328131,7453,away,1,399566,0,0,0,0,17,0
335,5328131,7453,away,1,363625,0,0,0,0,15,1
335,5328131,7453,away,1,513075,0,0,0,0,23,0
335,5328131,7453,away,1,69374,0,0,0,0,22,0
335,5328131,7453,away,1,476345,0,0,0,0,30,0
335,5328131,7453,away,1,514807,1,0,0,0,36,1
335,5328131,7453,away,1,207480,0,0,0,0,4,0
335,5328131,7454,home,1,208089,0,0,0,43,8,0
335,5328131,7454,home,1,207931,0,0,45,0,5,0
335,5328131,7454,home,1,562503,0,0,0,0,18,0
335,5328131,7454,home,1,300647,0,0,0,0,9,0
335,5328131,7454,home,1,57390,0,0,0,0,36,0
335,5328131,7454,home,1,345745,0,0,54,0,6,0
335,5328131,7454,home,1,56435,0,0,0,88,26,0
335,5328131,7454,home,1,53031,0,0,0,0,1,0
335,5328131,7454,home,1,56311,0,0,87,0,2,0
335,5328131,7454,home,1,450488,0,0,0,0,14,0
335,5328131,7454,home,1,544926,0,0,0,0,4,0
335,5452137,7453,home,1,449763,0,0,0,0,4,0
335,5452137,7453,home,1,356393,0,0,0,0,6,0
335,5452137,7453,home,1,496678,0,0,0,0,11,0
335,5452137,7453,home,1,54485,0,0,0,0,9,0
335,5452137,7453,home,1,628964,0,0,0,0,2,0
335,5452137,7453,home,1,26652,0,0,0,0,10,0
335,5452137,7453,home,1,519629,0,0,0,0,32,0
335,5452137,7453,home,1,334043,0,0,0,0,8,0
335,5452137,7453,home,1,476345,0,0,0,0,1,0
335,5452137,7453,home,1,514807,0,0,0,0,36,0
335,5452137,7453,home,1,562633,0,0,0,0,7,0
335,5452137,7456,away,1,232015,0,0,0,0,14,0
335,5452137,7456,away,1,638476,0,0,0,0,30,0
335,5452137,7456,away,1,651679,0,0,0,0,11,0
335,5452137,7456,away,1,593207,1,0,0,0,7,1
335,5452137,7456,away,1,444298,0,0,0,0,17,0
335,5452137,7456,away,1,619908,0,0,0,0,2,1
335,5452137,7456,away,1,436881,0,0,0,0,24,0
335,5452137,7456,away,1,56334,0,0,0,0,13,0
335,5452137,7456,away,1,538640,0,0,0,0,1,0
335,5452137,7456,away,1,449421,0,0,0,0,23,0
335,5452137,7456,away,1,399607,0,0,0,0,5,0
335,5227209,7453,home,1,449089,0,0,0,0,25,0
335,5227209,7453,home,1,476350,0,0,0,0,28,0
335,5227209,7453,home,1,257943,0,0,0,0,11,0
335,5227209,7453,home,1,399566,0,0,0,0,17,0
335,5227209,7453,home,1,69374,1,0,56,0,22,0
335,5227209,7453,home,1,56079,0,0,92,0,14,0
335,5227209,7453,home,1,544937,0,0,0,0,19,0
335,5227209,7453,home,1,476345,0,0,0,0,30,0
335,5227209,7453,home,1,169212,0,0,93,0,27,0
335,5227209,7453,home,1,207480,0,0,0,0,4,0
335,5227209,7453,home,1,481900,0,0,0,0,42,0
335,5227209,7456,away,1,212663,0,0,0,0,5,0
335,5227209,7456,away,1,419211,0,0,0,0,8,0
335,5227209,7456,away,1,442106,0,0,0,0,9,0
335,5227209,7456,away,1,454213,0,0,81,0,31,0
335,5227209,7456,away,1,56143,0,0,87,0,7,0
335,5227209,7456,away,1,444298,0,0,20,0,17,0
335,5227209,7456,away,1,56334,0,0,94,0,13,0
335,5227209,7456,away,1,545144,1,0,0,0,6,0
335,5227209,7456,away,1,538640,0,0,0,0,1,0
335,5227209,7456,away,1,56073,0,0,0,0,3,0
335,5227209,7456,away,1,450212,0,0,27,0,23,0
335,5227298,7453,home,1,449089,0,0,0,0,25,0
335,5227298,7453,home,1,510447,0,0,0,0,24,0
335,5227298,7453,home,1,69374,0,0,59,0,22,0
335,5227298,7453,home,1,257943,1,0,0,0,11,0
335,5227298,7453,home,1,244135,0,0,0,0,5,0
335,5227298,7453,home,1,363625,0,0,0,0,15,0
335,5227298,7453,home,1,676912,0,0,0,0,3,0
335,5227298,7453,home,1,56079,0,0,0,0,14,0
335,5227298,7453,home,1,544937,0,0,0,0,19,0
335,5227298,7453,home,1,476345,0,0,0,0,30,0
335,5227298,7453,home,1,207480,0,0,0,0,4,0
335,5227298,7462,away,1,56643,0,0,0,0,11,0
335,5227298,7462,away,1,606320,0,0,0,0,6,0
335,5227298,7462,away,1,50928,0,0,0,0,12,0
335,5227298,7462,away,1,326921,0,0,0,0,30,0
335,5227298,7462,away,1,507530,0,0,0,0,90,0
335,5227298,7462,away,1,56043,0,0,0,0,17,0
335,5227298,7462,away,1,284613,0,0,45,0,7,0
335,5227298,7462,away,1,449421,0,0,0,0,19,0
335,5227298,7462,away,1,51188,0,0,0,0,1,0
335,5227298,7462,away,1,65950,0,0,94,0,8,0
335,5227298,7462,away,1,397171,0,0,86,0,10,0
335,5465956,7453,home,1,562633,0,0,0,0,7,0
335,5465956,7453,home,1,54485,1,0,0,0,9,0
335,5465956,7453,home,1,26652,0,0,0,0,10,1
335,5465956,7453,home,1,676912,0,0,0,0,3,0
335,5465956,7453,home,1,514807,1,0,0,0,36,1
335,5465956,7453,home,1,519629,0,0,0,0,32,0
335,5465956,7453,home,1,281248,1,0,0,0,4,0
335,5465956,7453,home,1,56079,0,0,0,0,14,0
335,5465956,7453,home,1,510447,0,0,0,0,24,1
335,5465956,7453,home,1,334043,0,0,0,0,8,0
335,5465956,7453,home,1,269698,0,0,0,0,1,0
335,5465956,7462,away,1,609365,0,0,0,0,10,0
335,5465956,7462,away,1,605985,0,0,0,0,28,0
335,5465956,7462,away,1,450047,0,0,0,0,21,1
335,5465956,7462,away,1,269701,0,0,0,0,45,0
335,5465956,7462,away,1,476351,0,0,46,0,27,0
335,5465956,7462,away,1,14828,0,0,0,0,15,0
335,5465956,7462,away,1,56124,1,0,0,0,3,0
335,5465956,7462,away,1,493666,0,0,0,0,6,0
335,5465956,7462,away,1,619567,0,0,0,0,8,0
335,5465956,7462,away,1,51188,0,0,0,0,1,0
335,5465956,7462,away,1,289123,0,0,0,0,4,0
335,5465978,7453,home,1,268785,0,0,0,0,31,0
335,5465978,7453,home,1,562633,0,0,0,0,7,0
335,5465978,7453,home,1,54485,0,0,0,0,9,0
335,5465978,7453,home,1,514807,1,0,39,0,36,0
335,5465978,7453,home,1,26652,0,0,0,0,10,1
335,5465978,7453,home,1,519629,0,0,34,0,32,0
335,5465978,7453,home,1,69374,0,0,0,0,22,0
335,5465978,7453,home,1,281248,0,0,0,0,4,0
335,5465978,7453,home,1,412012,0,0,0,0,18,0
335,5465978,7453,home,1,510447,0,0,39,0,24,0
335,5465978,7453,home,1,269698,0,0,0,0,1,0
335,5465978,7456,away,1,448997,0,0,0,0,28,0
335,5465978,7456,away,1,578585,0,0,0,0,15,0
335,5465978,7456,away,1,638476,0,0,40,0,8,0
335,5465978,7456,away,1,651679,0,0,0,0,11,0
335,5465978,7456,away,1,56334,0,0,0,0,13,0
335,5465978,7456,away,1,436881,0,0,0,0,24,0
335,5465978,7456,away,1,497351,0,0,42,0,18,0
335,5465978,7456,away,1,538640,0,0,0,0,1,0
335,5465978,7456,away,1,334056,0,0,0,0,4,0
335,5465978,7456,away,1,449421,0,0,0,0,23,0
335,5465978,7456,away,1,631559,0,0,0,0,30,0
335,5466003,7452,home,1,284716,0,0,43,0,9,0
335,5466003,7452,home,1,56441,0,0,0,0,12,0
335,5466003,7452,home,1,679438,0,0,0,0,40,0
335,5466003,7452,home,1,56143,0,0,0,0,6,0
335,5466003,7452,home,1,262121,0,0,10,0,3,0
335,5466003,7452,home,1,593207,0,0,91,0,30,0
335,5466003,7452,home,1,579397,0,0,0,0,19,0
335,5466003,7452,home,1,335381,0,0,0,0,2,0
335,5466003,7452,home,1,406041,0,0,0,0,1,0
335,5466003,7452,home,1,56145,0,0,0,0,33,0
335,5466003,7452,home,1,51144,0,0,0,0,7,0
335,5466003,7453,away,1,69374,0,0,0,0,22,0
335,5466003,7453,away,1,658561,0,0,0,0,28,0
335,5466003,7453,away,1,514807,0,0,0,0,36,0
335,5466003,7453,away,1,26652,0,0,0,0,10,0
335,5466003,7453,away,1,519629,0,0,0,0,32,0
335,5466003,7453,away,1,281248,0,0,15,0,4,0
335,5466003,7453,away,1,412012,0,0,0,0,18,0
335,5466003,7453,away,1,510447,0,0,0,0,24,0
335,5466003,7453,away,1,562633,0,0,0,0,7,0
335,5466003,7453,away,1,269698,0,0,0,0,1,0
335,5466003,7453,away,1,268785,0,0,0,0,31,0
335,5575651,7453,away,1,69374,0,0,0,0,22,0
335,5575651,7453,away,1,658561,0,0,0,0,28,2
335,5575651,7453,away,1,56079,0,0,0,0,14,0
335,5575651,7453,away,1,562633,0,0,0,0,7,0
335,5575651,7453,away,1,26652,1,0,0,0,10,0
335,5575651,7453,away,1,281248,0,0,0,0,4,0
335,5575651,7453,away,1,240050,0,0,0,0,30,0
335,5575651,7453,away,1,54485,0,0,0,0,9,0
335,5575651,7453,away,1,269698,0,0,0,0,1,0
335,5575651,7453,away,1,372289,0,0,74,0,5,0
335,5575651,7453,away,1,268785,1,0,0,0,31,0
335,5575651,7457,home,1,367624,0,0,0,0,13,1
335,5575651,7457,home,1,361096,0,0,0,0,20,0
335,5575651,7457,home,1,604144,1,0,0,0,15,0
335,5575651,7457,home,1,766104,0,0,0,0,23,0
335,5575651,7457,home,1,352017,0,0,0,0,3,0
335,5575651,7457,home,1,410956,0,0,0,0,45,0
335,5575651,7457,home,1,633197,0,0,0,0,19,0
335,5575651,7457,home,1,443851,0,0,0,0,11,1
335,5575651,7457,home,1,444296,0,0,0,0,27,0
335,5575651,7457,home,1,400354,0,0,0,0,8,0
335,5575651,7457,home,1,451410,0,0,0,0,7,0
335,5575655,7453,home,1,334043,0,0,0,0,8,0
335,5575655,7453,home,1,562633,0,0,0,0,7,1
335,5575655,7453,home,1,510447,0,0,0,0,24,0
335,5575655,7453,home,1,26652,0,0,77,0,10,0
335,5575655,7453,home,1,281248,0,0,0,0,4,0
335,5575655,7453,home,1,240050,0,0,0,0,30,0
335,5575655,7453,home,1,412012,0,0,0,0,18,0
335,5575655,7453,home,1,54485,0,0,22,0,9,0
335,5575655,7453,home,1,269698,0,0,0,0,1,0
335,5575655,7453,home,1,268785,0,0,0,0,31,0
335,5575655,7453,home,1,658561,2,0,0,0,28,0
335,5575655,7455,away,1,212662,0,0,0,0,2,0
335,5575655,7455,away,1,714791,0,0,7,0,11,0
335,5575655,7455,away,1,56394,0,0,0,0,14,0
335,5575655,7455,away,1,446138,0,0,0,0,35,0
335,5575655,7455,away,1,57347,0,0,0,0,15,0
335,5575655,7455,away,1,603240,0,0,0,0,10,0
335,5575655,7455,away,1,752487,0,0,52,0,17,0
335,5575655,7455,away,1,56038,0,0,0,0,1,0
335,5575655,7455,away,1,374129,1,0,0,0,22,0
335,5575655,7455,away,1,452592,0,0,0,0,24,1
335,5575655,7455,away,1,577573,0,0,0,0,55,0
335,5466044,7453,home,1,624751,0,0,0,0,35,0
335,5466044,7453,home,1,26652,0,0,0,0,10,1
335,5466044,7453,home,1,54485,0,0,0,0,9,0
335,5466044,7453,home,1,658561,3,0,0,0,28,0
335,5466044,7453,home,1,510447,0,0,0,0,24,1
335,5466044,7453,home,1,281248,0,0,0,0,4,0
335,5466044,7453,home,1,240050,1,0,0,0,30,0
335,5466044,7453,home,1,562633,0,0,0,0,7,0
335,5466044,7453,home,1,269698,0,0,0,0,1,0
335,5466044,7453,home,1,372289,0,0,0,0,5,0
335,5466044,7453,home,1,268785,0,0,0,0,31,0
335,5466044,7461,away,1,523107,0,0,0,0,9,0
335,5466044,7461,away,1,404162,0,0,0,0,17,0
335,5466044,7461,away,1,433757,0,0,0,0,8,0
335,5466044,7461,away,1,449721,0,0,0,0,5,0
335,5466044,7461,away,1,450074,0,0,0,0,21,0
335,5466044,7461,away,1,331454,0,0,74,0,24,0
335,5466044,7461,away,1,347364,0,0,0,0,14,0
335,5466044,7461,away,1,56378,0,0,0,0,1,0
335,5466044,7461,away,1,450799,0,0,37,0,6,0
335,5466044,7461,away,1,565163,0,0,0,0,25,0
335,5466044,7461,away,1,521016,0,0,0,0,3,0
335,5345395,7453,away,1,334043,0,0,0,0,8,0
335,5345395,7453,away,1,495421,0,0,0,0,29,0
335,5345395,7453,away,1,510447,0,0,0,0,24,0
335,5345395,7453,away,1,449089,0,0,56,0,25,0
335,5345395,7453,away,1,363625,0,0,0,0,15,0
335,5345395,7453,away,1,676912,0,0,0,0,3,0
335,5345395,7453,away,1,356393,0,0,0,0,6,0
335,5345395,7453,away,1,476345,0,0,0,0,1,0
335,5345395,7453,away,1,169212,0,0,40,0,27,0
335,5345395,7453,away,1,207480,0,0,0,0,4,0
335,5345395,7453,away,1,628964,0,0,0,0,2,0
335,5345395,7461,home,1,494548,0,0,0,0,27,0
335,5345395,7461,home,1,433757,0,0,0,0,8,0
335,5345395,7461,home,1,562633,0,0,0,0,7,0
335,5345395,7461,home,1,450074,0,0,0,0,21,0
335,5345395,7461,home,1,423422,0,0,0,0,4,0
335,5345395,7461,home,1,516745,0,0,0,0,29,0
335,5345395,7461,home,1,347364,0,0,0,0,14,0
335,5345395,7461,home,1,56396,1,0,0,0,11,0
335,5345395,7461,home,1,56378,0,0,0,0,1,0
335,5345395,7461,home,1,449482,0,0,0,0,2,0
335,5345395,7461,home,1,288618,1,0,0,0,20,0
335,5345451,7453,away,1,636921,0,0,0,0,41,0
335,5345451,7453,away,1,449089,0,0,0,0,25,0
335,5345451,7453,away,1,412012,0,0,63,77,18,0
335,5345451,7453,away,1,334043,0,0,0,0,8,0
335,5345451,7453,away,1,54485,0,0,0,0,9,1
335,5345451,7453,away,1,244135,1,0,0,0,5,0
335,5345451,7453,away,1,363625,0,0,0,0,15,0
335,5345451,7453,away,1,26652,0,0,0,0,10,0
335,5345451,7453,away,1,69374,0,0,0,0,22,0
335,5345451,7453,away,1,476345,0,0,0,0,1,0
335,5345451,7453,away,1,562633,0,0,0,0,7,0
335,5345451,7462,home,1,449066,0,0,0,0,2,0
335,5345451,7462,home,1,507530,0,0,0,0,90,0
335,5345451,7462,home,1,284613,0,0,0,0,7,0
335,5345451,7462,home,1,55960,0,0,0,0,9,0
335,5345451,7462,home,1,269701,0,0,0,0,45,0
335,5345451,7462,home,1,14828,0,1,0,0,15,0
335,5345451,7462,home,1,380839,0,0,0,0,14,0
335,5345451,7462,home,1,347513,1,0,44,0,5,0
335,5345451,7462,home,1,606320,0,0,0,0,6,0
335,5345451,7462,home,1,51188,0,0,0,0,1,0
335,5345451,7462,home,1,397171,0,0,0,0,10,0
335,5452166,7453,away,1,412012,0,0,0,0,18,0
335,5452166,7453,away,1,496678,0,0,0,0,11,0
335,5452166,7453,away,1,372289,0,0,52,0,5,0
335,5452166,7453,away,1,56079,0,0,0,80,14,0
335,5452166,7453,away,1,514807,1,0,0,0,36,1
335,5452166,7453,away,1,363625,0,0,0,0,15,0
335,5452166,7453,away,1,519629,0,0,0,0,32,0
335,5452166,7453,away,1,69374,1,0,0,0,22,0
335,5452166,7453,away,1,476345,0,0,0,0,1,0
335,5452166,7453,away,1,562633,0,0,84,0,7,0
335,5452166,7453,away,1,54485,1,0,94,0,9,0
335,5452166,7457,home,1,559154,0,0,0,36,17,0
335,5452166,7457,home,1,495421,0,0,0,0,21,0
335,5452166,7457,home,1,400354,0,0,0,0,8,0
335,5452166,7457,home,1,361096,0,0,0,0,20,0
335,5452166,7457,home,1,347591,0,0,0,0,2,1
335,5452166,7457,home,1,289668,0,0,0,0,5,1
335,5452166,7457,home,1,443851,0,0,0,0,11,0
335,5452166,7457,home,1,56092,0,0,0,0,1,0
335,5452166,7457,home,1,56273,1,0,0,0,9,0
335,5452166,7457,home,1,516196,0,0,0,0,14,0
335,5452166,7457,home,1,520617,0,0,0,0,4,0
335,5575645,7452,home,1,301028,0,0,0,0,24,0
335,5575645,7452,home,1,51144,0,0,0,0,7,0
335,5575645,7452,home,1,593207,0,0,80,0,30,0
335,5575645,7452,home,1,579397,0,0,0,0,19,0
335,5575645,7452,home,1,335381,0,0,0,0,2,0
335,5575645,7452,home,1,406041,0,0,0,0,1,0
335,5575645,7452,home,1,56441,0,0,0,0,12,1
335,5575645,7452,home,1,54896,0,0,0,0,10,0
335,5575645,7452,home,1,527103,0,0,0,0,8,0
335,5575645,7452,home,1,56145,0,0,0,0,33,0
335,5575645,7452,home,1,288081,0,0,0,0,26,0
335,5575645,7453,away,1,334043,0,0,0,0,8,0
335,5575645,7453,away,1,54485,0,0,51,0,9,0
335,5575645,7453,away,1,658561,0,0,0,0,28,0
335,5575645,7453,away,1,26652,0,0,0,0,10,0
335,5575645,7453,away,1,281248,0,0,0,0,4,1
335,5575645,7453,away,1,240050,0,0,0,0,30,0
335,5575645,7453,away,1,510447,0,0,0,0,24,0
335,5575645,7453,away,1,562633,0,0,0,0,7,0
335,5575645,7453,away,1,269698,0,0,0,0,1,0
335,5575645,7453,away,1,372289,0,0,0,0,5,0
335,5575645,7453,away,1,268785,1,0,0,0,31,0
335,5345459,7453,away,1,69374,0,0,35,0,22,0
335,5345459,7453,away,1,449089,0,0,0,0,25,0
335,5345459,7453,away,1,169212,0,0,0,0,27,0
335,5345459,7453,away,1,244135,0,0,84,0,5,0
335,5345459,7453,away,1,363625,0,0,0,0,15,0
335,5345459,7453,away,1,26652,0,0,0,0,10,0
335,5345459,7453,away,1,412012,0,0,0,0,18,0
335,5345459,7453,away,1,334043,0,0,0,0,8,0
335,5345459,7453,away,1,476345,0,0,0,0,1,0
335,5345459,7453,away,1,562633,0,0,0,0,7,1
335,5345459,7453,away,1,54485,1,0,71,0,9,0
335,5345459,7457,home,1,448662,1,0,0,0,18,0
335,5345459,7457,home,1,633197,0,0,0,0,19,0
335,5345459,7457,home,1,559154,0,0,0,0,17,1
335,5345459,7457,home,1,56273,1,0,0,0,9,0
335,5345459,7457,home,1,476349,0,0,0,0,37,0
335,5345459,7457,home,1,335707,0,0,0,0,29,0
335,5345459,7457,home,1,56092,0,0,0,0,1,0
335,5345459,7457,home,1,451410,0,0,0,0,7,0
335,5345459,7457,home,1,579415,0,0,0,0,23,0
335,5345459,7457,home,1,516196,0,0,0,0,14,0
335,5345459,7457,home,1,520617,0,0,0,0,4,1
335,5466013,7453,home,1,514807,0,0,0,0,36,0
335,5466013,7453,home,1,268785,0,0,0,0,31,0
335,5466013,7453,home,1,26652,0,0,0,0,10,1
335,5466013,7453,home,1,54485,1,0,0,0,9,0
335,5466013,7453,home,1,510447,0,0,14,0,24,0
335,5466013,7453,home,1,519629,1,0,0,0,32,0
335,5466013,7453,home,1,676912,0,0,0,0,3,0
335,5466013,7453,home,1,281248,0,0,0,0,4,0
335,5466013,7453,home,1,334043,1,0,0,0,8,0
335,5466013,7453,home,1,562633,1,0,0,0,7,0
335,5466013,7453,home,1,269698,0,0,0,0,1,0
335,5466013,7490,away,1,270136,0,0,0,0,14,0
335,5466013,7490,away,1,562500,0,0,0,0,30,0
335,5466013,7490,away,1,417657,0,0,0,0,23,0
335,5466013,7490,away,1,562692,0,0,0,0,22,0
335,5466013,7490,away,1,56374,0,0,0,0,9,0
335,5466013,7490,away,1,483429,0,0,53,0,15,0
335,5466013,7490,away,1,56017,0,0,0,0,2,0
335,5466013,7490,away,1,471964,0,0,0,0,1,0
335,5466013,7490,away,1,234373,0,0,0,0,6,0
335,5466013,7490,away,1,449407,0,0,0,0,7,0
335,5466013,7490,away,1,330539,0,0,0,0,5,0
335,5328129,7453,away,1,514807,0,0,0,0,36,0
335,5328129,7453,away,1,510447,0,0,0,0,24,0
335,5328129,7453,away,1,513075,1,0,0,0,23,0
335,5328129,7453,away,1,449089,0,0,85,0,25,0
335,5328129,7453,away,1,356393,0,0,0,0,6,0
335,5328129,7453,away,1,399566,1,0,0,0,17,0
335,5328129,7453,away,1,244135,0,0,52,0,5,0
335,5328129,7453,away,1,363625,0,0,0,0,15,0
335,5328129,7453,away,1,412012,0,0,0,0,18,0
335,5328129,7453,away,1,476345,0,0,0,0,30,0
335,5328129,7453,away,1,169212,0,0,0,0,27,1
335,5328129,7455,home,1,56394,0,0,0,0,14,0
335,5328129,7455,home,1,446138,0,0,0,0,35,0
335,5328129,7455,home,1,475110,0,0,0,0,45,0
335,5328129,7455,home,1,505811,0,0,0,0,18,0
335,5328129,7455,home,1,347371,1,0,0,0,36,0
335,5328129,7455,home,1,56124,0,0,0,0,5,0
335,5328129,7455,home,1,56177,0,0,0,0,31,0
335,5328129,7455,home,1,56048,0,0,0,0,28,0
335,5328129,7455,home,1,363988,1,0,0,0,10,0
335,5328129,7455,home,1,252418,0,0,0,0,6,0
335,5328129,7455,home,1,621859,0,0,0,0,37,0
335,5465921,7453,away,1,334043,0,0,0,0,8,0
335,5465921,7453,away,1,562633,1,0,0,0,7,0
335,5465921,7453,away,1,54485,0,0,0,0,9,0
335,5465921,7453,away,1,363625,0,0,0,0,15,0
335,5465921,7453,away,1,26652,0,0,0,0,10,0
335,5465921,7453,away,1,519629,0,0,0,0,32,0
335,5465921,7453,away,1,676912,0,0,0,0,3,0
335,5465921,7453,away,1,69374,0,0,0,0,22,0
335,5465921,7453,away,1,514807,0,0,95,0,36,2
335,5465921,7453,away,1,372289,0,0,0,0,5,0
335,5465921,7453,away,1,56223,0,0,0,0,16,0
335,5465921,7461,home,1,449374,0,0,0,0,10,0
335,5465921,7461,home,1,450074,0,0,0,0,21,0
335,5465921,7461,home,1,449139,0,0,0,0,11,0
335,5465921,7461,home,1,577998,0,0,0,0,40,0
335,5465921,7461,home,1,516745,0,0,0,0,29,1
335,5465921,7461,home,1,347364,0,0,0,0,14,0
335,5465921,7461,home,1,56378,0,0,0,0,1,0
335,5465921,7461,home,1,449721,0,0,0,0,5,0
335,5465921,7461,home,1,450799,0,0,0,0,6,0
335,5465921,7461,home,1,576284,1,0,0,0,23,0
335,5465921,7461,home,1,288618,0,0,3,0,20,0
335,5328120,7453,home,1,244135,0,0,0,8,5,0
335,5328120,7453,home,1,510447,0,0,0,0,24,0
335,5328120,7453,home,1,513075,0,0,0,0,23,0
335,5328120,7453,home,1,399566,0,0,0,0,17,0
335,5328120,7453,home,1,169212,1,0,68,0,27,0
335,5328120,7453,home,1,514807,0,0,0,0,36,0
335,5328120,7453,home,1,449089,0,0,0,0,25,0
335,5328120,7453,home,1,363625,0,0,0,0,15,0
335,5328120,7453,home,1,356393,0,0,0,0,6,0
335,5328120,7453,home,1,476345,0,0,0,0,30,0
335,5328120,7453,home,1,207480,0,0,36,0,4,0
335,5328120,7455,away,1,363988,1,0,0,0,10,0
335,5328120,7455,away,1,505811,0,0,0,0,18,0
335,5328120,7455,away,1,296672,0,0,0,0,29,0
335,5328120,7455,away,1,475110,1,0,0,0,45,0
335,5328120,7455,away,1,381945,0,0,0,0,73,0
335,5328120,7455,away,1,347371,1,0,0,0,36,0
335,5328120,7455,away,1,56124,0,0,23,0,5,0
335,5328120,7455,away,1,56177,0,0,0,0,31,0
335,5328120,7455,away,1,56394,0,0,0,0,14,0
335,5328120,7455,away,1,252418,0,0,0,0,6,0
335,5328120,7455,away,1,621859,0,0,0,0,37,0
335,5345441,7453,home,1,510447,0,0,0,0,24,0
335,5345441,7453,home,1,334043,0,0,0,0,8,0
335,5345441,7453,home,1,449089,1,0,0,0,25,0
335,5345441,7453,home,1,562633,1,0,0,0,7,0
335,5345441,7453,home,1,244135,0,0,0,0,5,0
335,5345441,7453,home,1,363625,0,0,0,0,15,0
335,5345441,7453,home,1,26652,0,0,0,0,10,0
335,5345441,7453,home,1,69374,0,0,80,0,22,1
335,5345441,7453,home,1,412012,0,0,0,0,18,0
335,5345441,7453,home,1,476345,0,0,0,0,1,0
335,5345441,7453,home,1,636921,1,0,0,0,41,0
335,5345441,7484,away,1,224165,1,0,0,0,26,0
335,5345441,7484,away,1,523123,0,0,0,0,42,0
335,5345441,7484,away,1,37948,0,0,0,0,18,1
335,5345441,7484,away,1,448997,0,0,0,0,22,0
335,5345441,7484,away,1,606703,0,0,0,0,29,0
335,5345441,7484,away,1,449761,0,0,0,0,17,0
335,5345441,7484,away,1,547397,1,0,0,0,20,0
335,5345441,7484,away,1,535617,0,0,0,0,16,0
335,5345441,7484,away,1,56365,0,0,0,0,30,0
335,5345441,7484,away,1,246509,0,0,66,0,23,0
335,5345441,7484,away,1,281253,0,0,0,0,97,0
335,5227268,7453,home,1,510447,0,0,0,0,24,0
335,5227268,7453,home,1,207480,0,0,25,0,4,0
335,5227268,7453,home,1,399566,1,0,0,0,17,0
335,5227268,7453,home,1,169212,0,0,0,0,27,1
335,5227268,7453,home,1,69374,0,0,0,0,22,0
335,5227268,7453,home,1,449089,0,0,92,0,25,0
335,5227268,7453,home,1,244135,0,0,0,0,5,0
335,5227268,7453,home,1,56079,0,0,0,0,14,0
335,5227268,7453,home,1,412012,0,0,0,0,18,0
335,5227268,7453,home,1,257943,1,0,0,0,11,0
335,5227268,7453,home,1,56223,0,0,0,0,16,0
335,5227268,7473,away,1,516745,1,0,0,0,8,0
335,5227268,7473,away,1,248847,0,0,0,0,9,0
335,5227268,7473,away,1,506853,0,0,0,0,7,0
335,5227268,7473,away,1,56142,0,0,0,0,20,0
335,5227268,7473,away,1,416018,1,0,92,0,10,0
335,5227268,7473,away,1,135789,0,0,0,0,22,0
335,5227268,7473,away,1,81477,0,0,0,0,15,0
335,5227268,7473,away,1,447397,0,0,67,90,4,0
335,5227268,7473,away,1,249935,0,0,33,0,5,0
335,5227268,7473,away,1,54737,0,0,0,0,13,0
335,5227268,7473,away,1,516196,0,0,0,0,44,1
335,5328110,7453,away,1,69374,0,0,0,35,22,0
335,5328110,7453,away,1,399566,0,0,0,0,17,0
335,5328110,7453,away,1,356393,0,0,0,0,6,0
335,5328110,7453,away,1,169212,0,0,0,0,27,0
335,5328110,7453,away,1,510447,0,0,0,0,24,0
335,5328110,7453,away,1,449089,0,0,0,0,25,0
335,5328110,7453,away,1,244135,0,0,0,0,5,0
335,5328110,7453,away,1,363625,0,0,0,0,15,0
335,5328110,7453,away,1,412012,0,0,0,0,18,0
335,5328110,7453,away,1,476345,0,0,0,0,30,0
335,5328110,7453,away,1,207480,0,0,0,0,4,0
335,5328110,7461,home,1,51673,0,0,0,0,22,0
335,5328110,7461,home,1,449482,0,0,53,0,2,1
335,5328110,7461,home,1,433757,0,0,0,0,8,0
335,5328110,7461,home,1,347364,0,0,0,0,14,0
335,5328110,7461,home,1,494548,1,0,0,0,27,0
335,5328110,7461,home,1,423422,0,0,0,0,4,0
335,5328110,7461,home,1,516745,0,0,0,0,29,0
335,5328110,7461,home,1,56396,1,0,0,0,11,1
335,5328110,7461,home,1,56378,0,0,0,0,1,0
335,5328110,7461,home,1,562633,0,0,0,0,7,0
335,5328110,7461,home,1,288618,1,0,0,0,20,0
335,5452144,7453,home,1,169212,0,0,0,0,27,0
335,5452144,7453,home,1,26652,0,0,0,0,10,0
335,5452144,7453,home,1,496678,0,0,0,0,11,0
335,5452144,7453,home,1,56079,0,0,0,0,14,0
335,5452144,7453,home,1,562633,0,0,0,0,7,0
335,5452144,7453,home,1,449763,0,0,0,0,4,0
335,5452144,7453,home,1,356393,0,0,0,0,6,0
335,5452144,7453,home,1,476345,0,0,0,0,1,0
335,5452144,7453,home,1,54485,0,0,0,0,9,0
335,5452144,7453,home,1,372289,0,0,0,0,5,0
335,5452144,7453,home,1,628964,1,0,93,0,2,0
335,5452144,7457,away,1,443851,0,0,0,0,11,0
335,5452144,7457,away,1,400354,0,0,0,0,8,0
335,5452144,7457,away,1,190470,0,0,0,0,6,0
335,5452144,7457,away,1,516196,0,0,0,0,14,0
335,5452144,7457,away,1,559154,0,0,0,0,17,0
335,5452144,7457,away,1,347591,0,0,0,0,2,0
335,5452144,7457,away,1,289668,0,0,0,0,5,0
335,5452144,7457,away,1,56092,0,0,0,0,1,0
335,5452144,7457,away,1,451410,0,0,0,0,7,0
335,5452144,7457,away,1,56273,0,0,0,0,9,0
335,5452144,7457,away,1,520617,0,0,0,0,4,0
335,5575669,7453,away,1,510447,0,0,0,0,24,0
335,5575669,7453,away,1,609365,1,0,0,0,11,0
335,5575669,7453,away,1,562633,1,0,0,0,7,0
335,5575669,7453,away,1,628964,0,0,0,0,2,0
335,5575669,7453,away,1,26652,0,0,0,0,10,0
335,5575669,7453,away,1,69374,0,0,0,0,22,0
335,5575669,7453,away,1,281248,0,0,0,0,4,0
335,5575669,7453,away,1,240050,0,0,0,0,30,0
335,5575669,7453,away,1,269698,0,0,0,0,1,0
335,5575669,7453,away,1,372289,0,0,0,0,5,0
335,5575669,7453,away,1,658561,0,0,0,0,28,1
335,5575669,7461,home,1,399558,0,0,0,0,2,0
335,5575669,7461,home,1,404162,0,0,0,0,17,0
335,5575669,7461,home,1,535637,0,0,0,0,20,0
335,5575669,7461,home,1,576284,0,0,0,0,23,0
335,5575669,7461,home,1,450799,0,0,0,0,6,0
335,5575669,7461,home,1,423422,0,0,89,0,4,0
335,5575669,7461,home,1,347364,0,0,0,0,14,0
335,5575669,7461,home,1,56378,0,0,0,0,1,0
335,5575669,7461,home,1,449721,0,0,0,0,5,0
335,5575669,7461,home,1,565163,0,0,0,0,25,0
335,5575669,7461,home,1,433757,0,0,0,0,8,0
335,5227220,7452,home,1,420371,0,0,0,0,6,0
335,5227220,7452,home,1,399565,2,0,64,0,23,0
335,5227220,7452,home,1,707333,0,0,0,0,34,1
335,5227220,7452,home,1,498845,0,0,0,0,11,0
335,5227220,7452,home,1,56145,0,0,0,0,33,0
335,5227220,7452,home,1,118386,1,0,0,0,5,0
335,5227220,7452,home,1,406041,0,0,0,0,1,0
335,5227220,7452,home,1,42,0,0,0,0,20,0
335,5227220,7452,home,1,56625,0,0,0,0,22,0
335,5227220,7452,home,1,247223,1,0,88,0,16,1
335,5227220,7452,home,1,92879,0,0,47,0,10,0
335,5227220,7453,away,1,513075,0,0,53,0,23,0
335,5227220,7453,away,1,207480,1,0,58,0,4,0
335,5227220,7453,away,1,56079,0,0,0,0,14,0
335,5227220,7453,away,1,334043,0,0,0,0,8,0
335,5227220,7453,away,1,244135,0,0,0,0,5,0
335,5227220,7453,away,1,203245,0,0,0,0,9,0
335,5227220,7453,away,1,412012,0,0,0,0,18,0
335,5227220,7453,away,1,544937,0,0,0,0,19,0
335,5227220,7453,away,1,476345,0,0,0,0,30,0
335,5227220,7453,away,1,169212,0,0,0,0,27,1
335,5227220,7453,away,1,481900,1,0,58,0,42,0
335,5227251,7453,away,1,412012,0,0,33,0,18,0
335,5227251,7453,away,1,257943,0,0,0,0,11,0
335,5227251,7453,away,1,169212,0,0,0,0,27,0
335,5227251,7453,away,1,334043,0,0,38,0,8,0
335,5227251,7453,away,1,258614,0,0,0,0,2,0
335,5227251,7453,away,1,449089,0,0,90,0,25,0
335,5227251,7453,away,1,244135,0,0,66,0,5,0
335,5227251,7453,away,1,69374,0,0,0,0,22,0
335,5227251,7453,away,1,56079,0,0,0,0,14,0
335,5227251,7453,away,1,476345,0,0,0,0,30,0
335,5227251,7453,away,1,207480,0,0,91,0,4,0
335,5227251,7499,home,1,205453,0,0,0,0,17,0
335,5227251,7499,home,1,399561,0,0,0,0,7,0
335,5227251,7499,home,1,533531,0,0,0,0,29,0
335,5227251,7499,home,1,442197,1,0,7,0,25,0
335,5227251,7499,home,1,586880,0,0,90,0,3,0
335,5227251,7499,home,1,449772,0,0,0,0,8,0
335,5227251,7499,home,1,61414,0,0,0,0,1,0
335,5227251,7499,home,1,56050,0,0,0,0,90,0
335,5227251,7499,home,1,56446,0,0,0,0,5,0
335,5227251,7499,home,1,281244,0,0,0,0,2,0
335,5227251,7499,home,1,56570,0,0,0,0,6,0
335,5345429,7453,home,1,54485,1,0,0,0,9,0
335,5345429,7453,home,1,334043,0,0,0,0,8,0
335,5345429,7453,home,1,169212,0,0,0,0,27,0
335,5345429,7453,home,1,26652,0,0,54,0,10,1
335,5345429,7453,home,1,562633,1,0,0,0,7,1
335,5345429,7453,home,1,244135,0,0,0,0,5,0
335,5345429,7453,home,1,513075,0,0,0,0,23,0
335,5345429,7453,home,1,258614,0,0,0,0,28,0
335,5345429,7453,home,1,69374,0,0,29,0,22,0
335,5345429,7453,home,1,412012,0,0,0,0,18,0
335,5345429,7453,home,1,56223,0,0,0,0,16,0
335,5345429,7462,away,1,609365,0,0,0,0,40,0
335,5345429,7462,away,1,449066,0,0,34,0,2,0
335,5345429,7462,away,1,269701,0,0,60,0,45,0
335,5345429,7462,away,1,55960,0,0,0,0,9,0
335,5345429,7462,away,1,397171,0,0,0,0,10,1
335,5345429,7462,away,1,252417,0,0,0,0,8,0
335,5345429,7462,away,1,14828,1,0,0,0,15,0
335,5345429,7462,away,1,380839,0,0,38,0,14,0
335,5345429,7462,away,1,347513,1,0,0,0,5,0
335,5345429,7462,away,1,606320,0,0,0,0,6,0
335,5345429,7462,away,1,51188,0,0,0,0,1,0
335,5345510,7453,away,1,496678,1,0,0,0,11,0
335,5345510,7453,away,1,356393,0,0,0,0,6,0
335,5345510,7453,away,1,26652,0,0,0,0,10,0
335,5345510,7453,away,1,363625,0,0,0,0,15,0
335,5345510,7453,away,1,519629,0,0,0,0,32,0
335,5345510,7453,away,1,476345,0,0,95,0,1,0
335,5345510,7453,away,1,514807,0,0,0,0,36,0
335,5345510,7453,away,1,562633,0,0,37,0,7,0
335,5345510,7453,away,1,54485,0,0,0,0,9,0
335,5345510,7453,away,1,449763,0,0,3,0,4,0
335,5345510,7453,away,1,334043,0,0,0,0,8,0
335,5345510,7458,home,1,605991,0,0,0,0,10,1
335,5345510,7458,home,1,544936,0,0,0,0,18,0
335,5345510,7458,home,1,224154,0,0,0,0,13,0
335,5345510,7458,home,1,620366,0,0,0,0,39,0
335,5345510,7458,home,1,636225,0,0,0,0,27,0
335,5345510,7458,home,1,135112,0,0,0,0,8,0
335,5345510,7458,home,1,544934,0,0,0,0,6,0
335,5345510,7458,home,1,55955,0,0,0,0,4,0
335,5345510,7458,home,1,495728,0,0,0,0,5,0
335,5345510,7458,home,1,544941,0,0,0,0,23,0
335,5345510,7458,home,1,817448,2,0,0,0,37,0
335,5575663,7452,away,1,593207,0,0,50,0,30,0
335,5575663,7452,away,1,612346,0,0,0,0,36,0
335,5575663,7452,away,1,579397,0,0,75,0,19,0
335,5575663,7452,away,1,54896,1,0,0,0,10,0
335,5575663,7452,away,1,607496,0,0,0,0,18,1
335,5575663,7452,away,1,262121,0,0,0,0,3,0
335,5575663,7452,away,1,335381,2,0,82,0,2,0
335,5575663,7452,away,1,406041,0,0,0,0,1,0
335,5575663,7452,away,1,527103,0,0,0,0,8,1
335,5575663,7452,away,1,56625,0,0,0,0,22,0
335,5575663,7452,away,1,288081,0,0,0,0,26,0
335,5575663,7453,home,1,268785,0,0,0,0,31,0
335,5575663,7453,home,1,240050,0,0,0,0,30,0
335,5575663,7453,home,1,54485,0,0,0,0,9,0
335,5575663,7453,home,1,26652,0,0,0,0,10,0
335,5575663,7453,home,1,372289,0,0,0,0,5,0
335,5575663,7453,home,1,69374,0,0,0,0,22,1
335,5575663,7453,home,1,281248,0,0,0,0,4,0
335,5575663,7453,home,1,510447,0,0,0,0,24,0
335,5575663,7453,home,1,562633,1,0,0,0,7,0
335,5575663,7453,home,1,269698,0,0,98,0,1,0
335,5575663,7453,home,1,658561,0,0,0,0,28,0
335,5452155,7452,away,1,498845,0,0,0,0,15,0
335,5452155,7452,away,1,599991,0,0,82,0,30,0
335,5452155,7452,away,1,56143,1,0,0,0,6,1
335,5452155,7452,away,1,579397,0,0,0,0,19,2
335,5452155,7452,away,1,406041,0,0,0,0,1,0
335,5452155,7452,away,1,56441,0,0,0,0,12,0
335,5452155,7452,away,1,638485,0,0,83,0,35,0
335,5452155,7452,away,1,56625,0,0,55,0,22,0
335,5452155,7452,away,1,51144,1,0,4,0,7,0
335,5452155,7452,away,1,579409,0,0,17,0,27,0
335,5452155,7452,away,1,612346,0,0,0,0,36,0
335,5452155,7453,home,1,449763,0,0,25,0,4,0
335,5452155,7453,home,1,56079,0,0,0,0,14,0
335,5452155,7453,home,1,514807,0,0,0,0,36,0
335,5452155,7453,home,1,26652,0,0,0,81,10,0
335,5452155,7453,home,1,69374,0,0,0,0,22,0
335,5452155,7453,home,1,363625,0,0,0,0,15,0
335,5452155,7453,home,1,412012,0,0,84,0,18,0
335,5452155,7453,home,1,476345,0,0,0,0,1,0
335,5452155,7453,home,1,562633,0,0,0,0,7,0
335,5452155,7453,home,1,54485,1,0,0,0,9,0
335,5452155,7453,home,1,372289,0,0,0,0,5,0
335,5452152,7453,away,1,412012,0,0,0,0,18,0
335,5452152,7453,away,1,514807,2,0,0,0,36,1
335,5452152,7453,away,1,628964,0,0,0,0,2,0
335,5452152,7453,away,1,496678,1,0,41,0,11,0
335,5452152,7453,away,1,26652,0,0,51,0,10,0
335,5452152,7453,away,1,449763,0,0,0,0,4,0
335,5452152,7453,away,1,69374,0,0,0,0,22,0
335,5452152,7453,away,1,56079,0,0,0,0,14,0
335,5452152,7453,away,1,476345,0,0,0,0,1,0
335,5452152,7453,away,1,54485,0,0,0,0,9,0
335,5452152,7453,away,1,372289,0,0,0,0,5,0
335,5452152,7462,home,1,252417,0,0,0,0,8,0
335,5452152,7462,home,1,397171,0,0,0,0,10,0
335,5452152,7462,home,1,449750,0,0,0,0,18,0
335,5452152,7462,home,1,609365,0,0,0,0,40,0
335,5452152,7462,home,1,507530,1,0,0,0,90,0
335,5452152,7462,home,1,14828,0,0,0,0,15,0
335,5452152,7462,home,1,277713,0,0,0,0,4,0
335,5452152,7462,home,1,347513,0,0,28,0,5,0
335,5452152,7462,home,1,606320,0,0,0,0,6,0
335,5452152,7462,home,1,619567,0,0,0,0,16,1
335,5452152,7462,home,1,51188,0,0,0,0,1,0
335,5465986,7453,away,1,26652,0,0,0,0,10,0
335,5465986,7453,away,1,514807,0,0,0,0,36,0
335,5465986,7453,away,1,412012,0,0,72,0,18,1
335,5465986,7453,away,1,519629,0,0,77,0,32,0
335,5465986,7453,away,1,69374,1,0,0,0,22,0
335,5465986,7453,away,1,281248,0,0,27,0,4,0
335,5465986,7453,away,1,510447,1,0,0,0,24,0
335,5465986,7453,away,1,562633,0,0,0,0,7,0
335,5465986,7453,away,1,54485,0,0,0,0,9,0
335,5465986,7453,away,1,269698,0,0,0,0,1,0
335,5465986,7453,away,1,268785,0,0,0,0,31,0
335,5465986,7462,home,1,431007,0,0,49,0,9,0
335,5465986,7462,home,1,605985,1,0,0,0,28,0
335,5465986,7462,home,1,284613,0,0,0,0,7,0
335,5465986,7462,home,1,507530,1,0,0,0,90,0
335,5465986,7462,home,1,609365,0,0,0,0,10,0
335,5465986,7462,home,1,14828,0,0,0,0,15,0
335,5465986,7462,home,1,56124,0,0,0,0,3,0
335,5465986,7462,home,1,493666,0,0,83,0,6,0
335,5465986,7462,home,1,619567,0,0,0,0,8,0
335,5465986,7462,home,1,51188,0,0,0,0,1,0
335,5465986,7462,home,1,289123,0,0,0,0,4,0
335,5465990,7453,home,1,676912,0,0,0,0,3,0
335,5465990,7453,home,1,69374,0,0,45,0,22,0
335,5465990,7453,home,1,658561,0,0,0,0,28,0
335,5465990,7453,home,1,26652,0,0,0,0,10,0
335,5465990,7453,home,1,510447,0,0,0,0,24,0
335,5465990,7453,home,1,281248,0,0,85,0,4,0
335,5465990,7453,home,1,514807,1,0,0,0,36,0
335,5465990,7453,home,1,562633,1,0,0,0,7,1
335,5465990,7453,home,1,269698,0,0,0,0,1,0
335,5465990,7453,home,1,372289,0,0,82,0,5,0
335,5465990,7453,home,1,268785,0,0,0,0,31,0
335,5465990,7458,away,1,620366,0,0,0,0,39,0
335,5465990,7458,away,1,561035,0,0,0,0,17,0
335,5465990,7458,away,1,605991,0,0,0,0,10,0
335,5465990,7458,away,1,682098,0,0,0,0,8,0
335,5465990,7458,away,1,224154,0,0,0,0,13,0
335,5465990,7458,away,1,636225,0,0,0,0,27,0
335,5465990,7458,away,1,239006,0,0,63,0,6,0
335,5465990,7458,away,1,55955,0,0,0,0,4,0
335,5465990,7458,away,1,495728,0,0,0,0,5,0
335,5465990,7458,away,1,234377,1,0,0,0,7,0
335,5465990,7458,away,1,544941,0,0,0,0,23,0
335,5328115,7452,home,1,679438,0,0,0,0,40,0
335,5328115,7452,home,1,3710,0,0,0,0,11,0
335,5328115,7452,home,1,51144,0,0,0,0,15,1
335,5328115,7452,home,1,118386,0,0,0,0,5,0
335,5328115,7452,home,1,262121,0,0,0,0,3,0
335,5328115,7452,home,1,335381,0,0,0,0,2,0
335,5328115,7452,home,1,406041,0,0,0,0,1,0
335,5328115,7452,home,1,56441,0,0,0,0,12,0
335,5328115,7452,home,1,56625,0,0,0,0,22,0
335,5328115,7452,home,1,247223,2,0,0,0,16,0
335,5328115,7452,home,1,56145,0,0,83,0,33,0
335,5328115,7453,away,1,513075,0,0,0,0,23,0
335,5328115,7453,away,1,514807,0,0,0,0,36,0
335,5328115,7453,away,1,169212,0,0,0,0,27,0
335,5328115,7453,away,1,399566,0,0,0,0,17,0
335,5328115,7453,away,1,449089,0,0,0,0,25,0
335,5328115,7453,away,1,244135,0,0,0,0,5,0
335,5328115,7453,away,1,363625,0,0,0,0,15,0
335,5328115,7453,away,1,356393,0,0,0,0,6,0
335,5328115,7453,away,1,510447,0,0,28,0,24,0
335,5328115,7453,away,1,476345,0,0,0,0,30,0
335,5328115,7453,away,1,207480,0,0,89,0,4,0
335,5345417,7453,home,1,169212,0,0,0,0,27,0
335,5345417,7453,home,1,628964,0,0,0,0,2,0
335,5345417,7453,home,1,356393,0,0,0,0,6,0
335,5345417,7453,home,1,514807,0,0,42,0,36,0
335,5345417,7453,home,1,449089,0,0,80,0,25,0
335,5345417,7453,home,1,244135,0,0,11,0,5,0
335,5345417,7453,home,1,513075,0,0,10,0,23,0
335,5345417,7453,home,1,26652,0,0,89,0,10,0
335,5345417,7453,home,1,412012,0,0,0,0,18,0
335,5345417,7453,home,1,334043,0,0,0,0,8,0
335,5345417,7453,home,1,56223,0,0,0,0,16,0
335,5345417,7455,away,1,296672,0,0,18,0,29,0
335,5345417,7455,away,1,490458,0,0,0,0,9,0
335,5345417,7455,away,1,241945,1,0,0,0,7,0
335,5345417,7455,away,1,56048,0,0,61,0,28,0
335,5345417,7455,away,1,347371,0,0,0,0,36,0
335,5345417,7455,away,1,476093,0,0,0,0,16,0
335,5345417,7455,away,1,363988,1,0,90,0,10,0
335,5345417,7455,away,1,475110,0,0,94,0,11,1
335,5345417,7455,away,1,252418,0,0,0,0,6,0
335,5345417,7455,away,1,381945,0,0,0,0,73,0
335,5345417,7455,away,1,452592,0,0,0,0,24,0
335,5465965,7452,away,1,335381,0,0,0,0,2,0
335,5465965,7452,away,1,338639,0,0,0,0,11,0
335,5465965,7452,away,1,56441,0,0,0,0,12,0
335,5465965,7452,away,1,579397,0,0,0,0,19,0
335,5465965,7452,away,1,284716,1,0,0,0,9,0
335,5465965,7452,away,1,301028,0,0,0,0,24,0
335,5465965,7452,away,1,262121,0,0,0,0,3,0
335,5465965,7452,away,1,593207,0,0,41,0,30,0
335,5465965,7452,away,1,406041,0,0,0,0,1,0
335,5465965,7452,away,1,54896,0,0,35,0,10,0
335,5465965,7452,away,1,56145,0,0,0,0,33,0
335,5465965,7453,home,1,676912,0,0,48,0,3,0
335,5465965,7453,home,1,514807,0,0,0,0,36,0
335,5465965,7453,home,1,519629,0,0,0,0,32,0
335,5465965,7453,home,1,54485,1,0,0,0,9,0
335,5465965,7453,home,1,69374,1,0,0,0,22,0
335,5465965,7453,home,1,26652,0,0,0,0,10,0
335,5465965,7453,home,1,281248,0,0,0,0,4,0
335,5465965,7453,home,1,510447,0,0,0,0,24,1
335,5465965,7453,home,1,562633,0,0,0,0,7,0
335,5465965,7453,home,1,269698,0,0,0,0,1,0
335,5465965,7453,home,1,268785,0,0,0,0,31,0
335,5345427,7453,away,1,54485,1,0,0,0,9,0
335,5345427,7453,away,1,26652,0,0,0,0,10,1
335,5345427,7453,away,1,562633,0,0,0,0,7,0
335,5345427,7453,away,1,169212,1,0,0,0,27,0
335,5345427,7453,away,1,244135,0,0,0,0,5,0
335,5345427,7453,away,1,513075,0,0,0,0,23,0
335,5345427,7453,away,1,258614,0,0,0,0,28,0
335,5345427,7453,away,1,69374,0,0,0,0,22,0
335,5345427,7453,away,1,412012,0,0,0,0,18,0
335,5345427,7453,away,1,334043,0,0,0,0,8,0
335,5345427,7453,away,1,56223,0,0,0,0,16,0
335,5345427,7465,home,1,234373,0,0,60,0,14,0
335,5345427,7465,home,1,516513,0,0,0,0,18,0
335,5345427,7465,home,1,57970,0,0,0,0,11,0
335,5345427,7465,home,1,524504,0,0,0,0,23,0
335,5345427,7465,home,1,57114,0,0,0,0,9,0
335,5345427,7465,home,1,618112,0,0,0,0,21,0
335,5345427,7465,home,1,331454,0,0,0,0,24,0
335,5345427,7465,home,1,82361,0,0,0,0,1,0
335,5345427,7465,home,1,336214,0,0,23,0,3,0
335,5345427,7465,home,1,370269,0,0,0,0,4,0
335,5345427,7465,home,1,443690,0,0,0,0,6,0
335,5227272,7452,away,1,562660,0,0,0,0,24,0
335,5227272,7452,away,1,586625,0,0,0,0,8,0
335,5227272,7452,away,1,118386,0,0,73,0,5,0
335,5227272,7452,away,1,420371,0,0,0,0,6,0
335,5227272,7452,away,1,399565,1,0,0,0,23,0
335,5227272,7452,away,1,335381,0,0,0,0,2,0
335,5227272,7452,away,1,406041,0,0,57,0,1,0
335,5227272,7452,away,1,56441,0,0,26,0,12,0
335,5227272,7452,away,1,42,0,0,0,0,20,0
335,5227272,7452,away,1,247223,0,0,0,0,16,1
335,5227272,7452,away,1,707333,0,0,0,0,34,0
335,5227272,7453,home,1,399566,0,0,36,0,17,0
335,5227272,7453,home,1,676912,0,0,55,0,3,0
335,5227272,7453,home,1,169212,0,0,69,0,27,0
335,5227272,7453,home,1,257943,0,0,0,0,11,1
335,5227272,7453,home,1,449089,0,0,0,0,25,0
335,5227272,7453,home,1,244135,1,0,0,0,5,0
335,5227272,7453,home,1,69374,0,0,0,0,22,0
335,5227272,7453,home,1,56079,0,0,0,0,14,0
335,5227272,7453,home,1,544937,1,0,0,0,19,0
335,5227272,7453,home,1,207480,0,0,0,0,4,0
335,5227272,7453,home,1,56223,0,0,0,0,16,0
335,5328135,7453,home,1,334043,0,0,0,0,8,0
335,5328135,7453,home,1,514807,2,0,0,0,36,0
335,5328135,7453,home,1,169212,0,0,0,0,27,1
335,5328135,7453,home,1,449089,0,0,0,0,25,0
335,5328135,7453,home,1,399566,0,0,0,0,17,0
335,5328135,7453,home,1,244135,0,0,0,0,5,1
335,5328135,7453,home,1,363625,0,0,0,0,15,0
335,5328135,7453,home,1,513075,0,0,0,0,23,0
335,5328135,7453,home,1,69374,0,0,0,0,22,0
335,5328135,7453,home,1,412012,0,0,0,0,18,0
335,5328135,7453,home,1,476345,0,0,0,0,30,0
335,5328135,7461,away,1,516745,0,0,0,0,29,0
335,5328135,7461,away,1,449374,0,0,0,0,10,0
335,5328135,7461,away,1,433757,0,0,0,0,8,0
335,5328135,7461,away,1,347364,0,0,0,0,14,0
335,5328135,7461,away,1,450074,0,0,0,0,21,0
335,5328135,7461,away,1,423422,0,0,47,0,4,0
335,5328135,7461,away,1,56396,0,0,0,0,11,0
335,5328135,7461,away,1,56378,0,0,0,0,1,0
335,5328135,7461,away,1,562633,0,0,0,0,7,0
335,5328135,7461,away,1,449721,0,0,0,0,5,0
335,5328135,7461,away,1,288618,1,0,0,0,20,0
335,5227240,7453,home,1,476350,0,0,0,0,28,0
335,5227240,7453,home,1,334043,0,0,0,0,8,0
335,5227240,7453,home,1,257943,1,0,0,0,11,0
335,5227240,7453,home,1,449089,1,0,0,0,25,0
335,5227240,7453,home,1,169212,0,0,0,0,27,2
335,5227240,7453,home,1,399566,0,0,0,0,17,2
335,5227240,7453,home,1,244135,0,0,0,0,5,0
335,5227240,7453,home,1,69374,0,0,0,0,22,0
335,5227240,7453,home,1,56079,0,0,0,0,14,0
335,5227240,7453,home,1,412012,0,0,0,0,18,0
335,5227240,7453,home,1,476345,0,0,0,0,30,0
335,5227240,7455,away,1,475116,0,0,0,0,44,0
335,5227240,7455,away,1,249547,0,0,0,0,11,0
335,5227240,7455,away,1,475110,0,0,0,0,45,0
335,5227240,7455,away,1,241945,0,0,0,0,7,0
335,5227240,7455,away,1,296672,0,0,0,0,29,0
335,5227240,7455,away,1,56048,0,0,48,0,28,0
335,5227240,7455,away,1,363988,0,0,0,0,10,0
335,5227240,7455,away,1,56394,0,0,0,0,14,0
335,5227240,7455,away,1,252418,0,0,0,0,6,0
335,5227240,7455,away,1,56038,0,0,0,0,1,0
335,5227240,7455,away,1,621859,0,0,0,0,37,0
335,5466040,7453,away,1,628964,0,0,0,0,2,0
335,5466040,7453,away,1,334043,0,0,51,0,8,0
335,5466040,7453,away,1,658561,0,0,0,0,28,0
335,5466040,7453,away,1,514807,1,0,0,0,36,0
335,5466040,7453,away,1,281248,0,0,0,0,4,0
335,5466040,7453,away,1,510447,0,0,0,0,24,0
335,5466040,7453,away,1,562633,0,0,0,0,7,0
335,5466040,7453,away,1,54485,1,0,95,0,9,0
335,5466040,7453,away,1,269698,0,0,0,0,1,0
335,5466040,7453,away,1,372289,0,0,0,0,5,1
335,5466040,7453,away,1,268785,0,0,0,0,31,0
335,5466040,7456,home,1,638476,0,0,0,0,8,0
335,5466040,7456,home,1,631559,0,0,0,0,30,0
335,5466040,7456,home,1,444298,0,0,0,0,17,0
335,5466040,7456,home,1,497351,0,0,38,0,18,0
335,5466040,7456,home,1,523395,1,0,0,0,14,0
335,5466040,7456,home,1,578585,0,0,0,0,15,0
335,5466040,7456,home,1,519618,0,0,0,0,6,1
335,5466040,7456,home,1,513129,0,0,0,0,58,0
335,5466040,7456,home,1,449421,0,0,0,0,23,0
335,5466040,7456,home,1,504384,0,0,0,0,55,0
335,5466040,7456,home,1,399607,0,0,0,0,5,0
335,5227293,7453,away,1,449089,0,0,0,0,25,0
335,5227293,7453,away,1,399566,0,0,49,0,17,0
335,5227293,7453,away,1,169212,0,0,0,0,27,1
335,5227293,7453,away,1,257943,2,0,0,0,11,0
335,5227293,7453,away,1,676912,0,0,0,0,3,0
335,5227293,7453,away,1,244135,0,0,0,0,5,0
335,5227293,7453,away,1,69374,0,0,0,0,22,0
335,5227293,7453,away,1,56079,0,0,0,0,14,0
335,5227293,7453,away,1,544937,0,0,0,0,19,0
335,5227293,7453,away,1,476345,0,0,0,0,30,0
335,5227293,7453,away,1,207480,0,0,0,0,4,0
335,5227293,7455,home,1,475110,0,0,0,0,45,0
335,5227293,7455,home,1,512607,0,0,56,0,74,0
335,5227293,7455,home,1,241945,0,0,0,0,7,0
335,5227293,7455,home,1,56394,0,0,0,0,14,0
335,5227293,7455,home,1,252418,0,0,0,0,6,0
335,5227293,7455,home,1,56048,0,0,0,0,28,0
335,5227293,7455,home,1,363988,1,0,0,0,10,0
335,5227293,7455,home,1,56038,0,0,0,0,1,0
335,5227293,7455,home,1,381945,0,0,0,0,73,0
335,5227293,7455,home,1,475116,0,0,0,0,44,0
335,5227293,7455,home,1,621859,0,0,0,0,37,0
335,5345469,7453,home,1,334043,0,0,0,0,8,0
335,5345469,7453,home,1,562633,0,0,0,0,7,1
335,5345469,7453,home,1,449089,1,0,0,0,25,0
335,5345469,7453,home,1,244135,0,0,0,0,5,0
335,5345469,7453,home,1,363625,0,0,0,0,15,0
335,5345469,7453,home,1,26652,0,0,69,0,10,1
335,5345469,7453,home,1,258614,1,0,0,0,28,0
335,5345469,7453,home,1,412012,0,0,0,0,18,0
335,5345469,7453,home,1,476345,0,0,0,0,1,0
335,5345469,7453,home,1,54485,0,0,0,0,9,0
335,5345469,7453,home,1,169212,0,0,0,0,27,0
335,5345469,7454,away,1,347372,0,0,0,0,29,0
335,5345469,7454,away,1,562503,0,0,0,0,18,0
335,5345469,7454,away,1,450212,2,0,0,0,23,0
335,5345469,7454,away,1,207931,0,0,0,0,5,0
335,5345469,7454,away,1,399558,0,0,0,0,25,0
335,5345469,7454,away,1,208089,0,0,0,0,8,0
335,5345469,7454,away,1,408933,0,0,0,0,32,0
335,5345469,7454,away,1,545144,0,0,0,0,4,0
335,5345469,7454,away,1,345745,0,0,63,0,6,0
335,5345469,7454,away,1,625592,0,0,0,0,22,0
335,5345469,7454,away,1,340774,0,0,0,0,16,0
335,5345475,7453,away,1,449089,0,0,0,0,25,0
335,5345475,7453,away,1,54485,1,0,0,0,9,0
335,5345475,7453,away,1,169212,0,0,0,0,27,1
335,5345475,7453,away,1,244135,0,0,0,0,5,0
335,5345475,7453,away,1,363625,0,0,86,0,15,0
335,5345475,7453,away,1,258614,0,0,0,0,28,0
335,5345475,7453,away,1,69374,0,0,0,0,22,0
335,5345475,7453,away,1,412012,0,0,0,0,18,0
335,5345475,7453,away,1,334043,0,0,8,0,8,0
335,5345475,7453,away,1,476345,0,0,0,0,1,0
335,5345475,7453,away,1,562633,0,0,0,0,7,0
335,5345475,7460,home,1,484544,0,0,0,0,5,0
335,5345475,7460,home,1,584117,0,0,45,0,10,0
335,5345475,7460,home,1,856213,0,0,0,0,30,0
335,5345475,7460,home,1,605625,0,0,0,0,24,0
335,5345475,7460,home,1,56297,0,0,0,0,4,0
335,5345475,7460,home,1,552464,0,0,0,0,14,0
335,5345475,7460,home,1,50868,0,0,0,0,16,0
335,5345475,7460,home,1,239006,0,0,0,0,6,0
335,5345475,7460,home,1,56068,0,0,0,0,1,0
335,5345475,7460,home,1,536823,0,0,0,0,22,0
335,5345475,7460,home,1,120911,0,0,0,0,7,1
335,5227253,7453,home,1,544937,0,0,0,0,19,0
335,5227253,7453,home,1,449089,0,0,0,0,25,1
335,5227253,7453,home,1,257943,2,0,0,0,11,0
335,5227253,7453,home,1,169212,0,0,0,0,27,0
335,5227253,7453,home,1,399566,0,0,0,0,17,0
335,5227253,7453,home,1,244135,0,0,0,0,5,0
335,5227253,7453,home,1,69374,0,0,0,0,22,0
335,5227253,7453,home,1,56079,0,0,0,0,14,0
335,5227253,7453,home,1,412012,0,0,0,0,18,0
335,5227253,7453,home,1,476345,0,0,0,0,30,0
335,5227253,7453,home,1,207480,0,0,0,0,4,1
335,5227253,7454,away,1,300647,0,0,0,0,9,0
335,5227253,7454,away,1,207931,0,0,0,0,5,0
335,5227253,7454,away,1,562503,1,0,0,0,18,0
335,5227253,7454,away,1,331196,0,0,0,0,25,1
335,5227253,7454,away,1,544926,0,0,74,0,4,0
335,5227253,7454,away,1,208089,0,0,0,0,8,0
335,5227253,7454,away,1,53031,0,0,0,0,1,0
335,5227253,7454,away,1,56311,0,0,87,0,2,0
335,5227253,7454,away,1,450488,0,0,0,0,14,0
335,5227253,7454,away,1,345745,0,0,55,0,6,0
335,5227253,7454,away,1,56435,0,0,0,0,26,0
335,5345498,7453,away,1,496678,0,0,0,0,11,0
335,5345498,7453,away,1,356393,0,0,0,0,6,0
335,5345498,7453,away,1,169212,0,0,0,0,27,0
335,5345498,7453,away,1,363625,0,0,0,0,15,0
335,5345498,7453,away,1,26652,0,0,0,0,10,0
335,5345498,7453,away,1,449763,0,0,0,0,4,0
335,5345498,7453,away,1,412012,0,0,79,0,18,0
335,5345498,7453,away,1,334043,0,0,0,0,8,0
335,5345498,7453,away,1,476345,0,0,0,0,1,0
335,5345498,7453,away,1,562633,0,0,0,0,7,0
335,5345498,7453,away,1,54485,0,0,0,0,9,0
335,5345498,7484,home,1,56095,0,0,0,0,6,0
335,5345498,7484,home,1,37948,1,0,0,0,18,0
335,5345498,7484,home,1,551993,0,0,0,0,13,0
335,5345498,7484,home,1,351054,0,0,0,0,20,0
335,5345498,7484,home,1,606703,0,0,0,0,29,0
335,5345498,7484,home,1,535617,0,0,95,0,16,0
335,5345498,7484,home,1,246509,0,0,0,0,23,0
335,5345498,7484,home,1,399781,0,0,56,0,21,0
335,5345498,7484,home,1,523123,0,0,80,0,42,0
335,5345498,7484,home,1,594473,0,0,0,0,24,0
335,5345498,7484,home,1,224165,0,0,85,0,26,0
335,5227307,7453,home,1,169212,0,0,0,0,27,0
335,5227307,7453,home,1,382384,0,0,0,0,12,0
335,5227307,7453,home,1,449089,0,0,0,0,25,0
335,5227307,7453,home,1,399566,0,0,0,0,17,0
335,5227307,7453,home,1,244135,0,0,0,0,5,0
335,5227307,7453,home,1,676912,1,0,76,0,3,0
335,5227307,7453,home,1,356393,0,0,68,0,6,0
335,5227307,7453,home,1,56079,0,0,0,0,14,0
335,5227307,7453,home,1,510447,0,0,0,0,24,0
335,5227307,7453,home,1,476345,0,0,0,0,30,0
335,5227307,7453,home,1,207480,0,0,0,0,4,1
335,5227307,7499,away,1,56376,0,0,27,38,10,0
335,5227307,7499,away,1,449435,0,0,29,0,20,0
335,5227307,7499,away,1,505449,0,0,0,0,21,0
335,5227307,7499,away,1,576528,0,0,0,0,22,0
335,5227307,7499,away,1,475944,0,0,0,0,12,0
335,5227307,7499,away,1,56050,0,0,81,0,90,0
335,5227307,7499,away,1,586880,0,0,0,0,3,0
335,5227307,7499,away,1,387373,0,0,0,0,14,0
335,5227307,7499,away,1,61414,0,0,0,0,1,0
335,5227307,7499,away,1,56446,0,0,0,0,5,0
335,5227307,7499,away,1,281244,0,0,0,0,2,0
335,5345411,7453,away,1,510447,0,0,0,0,24,0
335,5345411,7453,away,1,636921,0,0,0,0,41,0
335,5345411,7453,away,1,334043,0,0,0,0,8,1
335,5345411,7453,away,1,513075,0,0,0,0,23,0
335,5345411,7453,away,1,26652,0,0,0,0,10,0
335,5345411,7453,away,1,356393,0,0,0,0,6,0
335,5345411,7453,away,1,69374,0,0,0,0,22,0
335,5345411,7453,away,1,412012,0,0,0,0,18,0
335,5345411,7453,away,1,514807,1,0,0,0,36,0
335,5345411,7453,away,1,207480,0,0,0,0,4,0
335,5345411,7453,away,1,56223,0,0,0,0,16,0
335,5345411,7454,home,1,399558,0,0,0,0,25,0
335,5345411,7454,home,1,56386,0,0,0,0,10,0
335,5345411,7454,home,1,523395,0,0,59,0,19,0
335,5345411,7454,home,1,416018,1,0,0,0,7,1
335,5345411,7454,home,1,208089,0,0,0,0,8,0
335,5345411,7454,home,1,258718,0,0,96,0,1,0
335,5345411,7454,home,1,408933,0,0,26,0,32,0
335,5345411,7454,home,1,545144,0,0,0,0,21,0
335,5345411,7454,home,1,562503,0,0,0,0,18,0
335,5345411,7454,home,1,544926,1,0,55,0,4,0
335,5345411,7454,home,1,345745,0,0,0,0,6,0
335,5466019,7453,home,1,676912,0,0,0,17,3,0
335,5466019,7453,home,1,26652,0,0,49,0,10,0
335,5466019,7453,home,1,510447,0,0,0,0,24,0
335,5466019,7453,home,1,658561,0,0,0,0,28,0
335,5466019,7453,home,1,281248,0,0,85,0,4,0
335,5466019,7453,home,1,334043,0,0,0,0,8,0
335,5466019,7453,home,1,562633,0,0,0,0,7,0
335,5466019,7453,home,1,54485,1,0,0,0,9,0
335,5466019,7453,home,1,269698,0,0,0,0,1,0
335,5466019,7453,home,1,372289,0,0,0,0,5,0
335,5466019,7453,home,1,268785,0,0,0,0,31,0
335,5466019,7455,away,1,56394,0,0,0,0,14,0
335,5466019,7455,away,1,212662,0,0,0,0,2,0
335,5466019,7455,away,1,499842,0,0,0,0,9,0
335,5466019,7455,away,1,296672,0,0,39,0,29,0
335,5466019,7455,away,1,605625,0,0,0,0,37,0
335,5466019,7455,away,1,471107,0,0,0,0,58,0
335,5466019,7455,away,1,603240,0,0,85,0,10,0
335,5466019,7455,away,1,56038,0,0,0,0,1,0
335,5466019,7455,away,1,374129,0,0,0,0,22,0
335,5466019,7455,away,1,452592,0,0,0,0,24,0
335,5466019,7455,away,1,57347,0,0,0,0,15,0
335,5328106,7453,home,1,356393,0,0,0,0,6,0
335,5328106,7453,home,1,363625,0,0,0,0,15,0
335,5328106,7453,home,1,382384,0,0,0,0,12,0
335,5328106,7453,home,1,69374,0,0,0,0,22,0
335,5328106,7453,home,1,207480,0,0,0,0,4,0
335,5328106,7453,home,1,449089,0,0,0,0,25,0
335,5328106,7453,home,1,399566,0,0,0,0,17,0
335,5328106,7453,home,1,244135,0,0,0,0,5,0
335,5328106,7453,home,1,412012,0,0,0,0,18,0
335,5328106,7453,home,1,510447,0,0,48,0,24,0
335,5328106,7453,home,1,476345,0,0,0,0,30,0
335,5328106,7462,away,1,619567,0,0,0,0,16,0
335,5328106,7462,away,1,50928,0,0,0,0,12,0
335,5328106,7462,away,1,397171,0,0,0,0,10,0
335,5328106,7462,away,1,14828,0,0,0,0,15,0
335,5328106,7462,away,1,347513,0,0,43,0,5,0
335,5328106,7462,away,1,606320,0,0,0,0,6,0
335,5328106,7462,away,1,449421,0,0,0,0,19,0
335,5328106,7462,away,1,51188,0,0,0,0,1,0
335,5328106,7462,away,1,507530,0,0,0,0,90,1
335,5328106,7462,away,1,65950,0,0,76,0,8,0
335,5328106,7462,away,1,56210,1,0,0,0,20,0
335,5465959,7453,away,1,334043,0,0,0,0,8,0
335,5465959,7453,away,1,26652,1,0,28,0,10,0
335,5465959,7453,away,1,562633,1,0,0,0,7,0
335,5465959,7453,away,1,268785,0,0,0,0,31,0
335,5465959,7453,away,1,519629,0,0,47,0,32,0
335,5465959,7453,away,1,281248,0,0,0,0,4,0
335,5465959,7453,away,1,412012,0,0,0,0,18,0
335,5465959,7453,away,1,510447,0,0,0,0,24,0
335,5465959,7453,away,1,514807,0,0,0,0,36,1
335,5465959,7453,away,1,54485,1,0,0,0,9,0
335,5465959,7453,away,1,269698,0,0,0,0,1,0
335,5465959,7457,home,1,410956,0,0,0,23,45,0
335,5465959,7457,home,1,361096,0,0,0,0,20,0
335,5465959,7457,home,1,633197,0,0,0,0,19,0
335,5465959,7457,home,1,347591,0,0,0,0,2,0
335,5465959,7457,home,1,190470,0,0,51,0,6,0
335,5465959,7457,home,1,400354,0,0,64,0,8,0
335,5465959,7457,home,1,289668,0,0,0,0,5,0
335,5465959,7457,home,1,352017,0,0,0,0,3,0
335,5465959,7457,home,1,604144,0,0,0,0,15,0
335,5465959,7457,home,1,56273,0,0,0,0,9,0
335,5465959,7457,home,1,516196,0,0,0,0,14,0
335,5345483,7453,home,1,356393,0,1,0,0,6,0
335,5345483,7453,home,1,496678,0,0,0,0,11,0
335,5345483,7453,home,1,169212,0,0,0,0,27,0
335,5345483,7453,home,1,26652,1,0,0,0,10,0
335,5345483,7453,home,1,562633,3,0,0,0,7,0
335,5345483,7453,home,1,363625,0,0,0,0,15,0
335,5345483,7453,home,1,449763,0,0,0,0,4,0
335,5345483,7453,home,1,412012,0,0,0,0,18,0
335,5345483,7453,home,1,334043,0,0,0,0,8,1
335,5345483,7453,home,1,476345,0,0,0,0,1,0
335,5345483,7453,home,1,54485,1,0,0,0,9,0
335,5345483,7465,away,1,492376,0,0,0,0,27,0
335,5345483,7465,away,1,618112,0,0,0,0,21,0
335,5345483,7465,away,1,56468,0,0,0,0,8,0
335,5345483,7465,away,1,57114,0,0,0,0,9,0
335,5345483,7465,away,1,234373,0,0,0,0,14,0
335,5345483,7465,away,1,331454,0,0,0,0,24,1
335,5345483,7465,away,1,336214,0,0,0,0,3,0
335,5345483,7465,away,1,370269,0,0,0,0,4,0
335,5345483,7465,away,1,443690,1,0,0,0,6,0
335,5345483,7465,away,1,472349,0,0,0,0,16,0
335,5345483,7465,away,1,516513,0,0,0,0,18,0
335,5227224,7453,home,1,203245,0,0,0,0,9,0
335,5227224,7453,home,1,476350,0,0,0,0,28,0
335,5227224,7453,home,1,544937,0,0,0,0,19,0
335,5227224,7453,home,1,449089,0,0,0,0,25,0
335,5227224,7453,home,1,399566,0,0,0,0,17,0
335,5227224,7453,home,1,244135,0,0,0,0,5,0
335,5227224,7453,home,1,56079,0,0,0,0,14,0
335,5227224,7453,home,1,412012,0,0,0,0,18,0
335,5227224,7453,home,1,476345,0,0,0,0,30,0
335,5227224,7453,home,1,257943,0,0,39,0,11,0
335,5227224,7453,home,1,169212,0,0,0,0,27,0
335,5227224,7458,away,1,682098,0,0,0,0,32,0
335,5227224,7458,away,1,620366,0,0,0,0,39,0
335,5227224,7458,away,1,614884,0,0,0,0,33,1
335,5227224,7458,away,1,495728,0,0,36,0,5,0
335,5227224,7458,away,1,605985,0,0,46,0,28,0
335,5227224,7458,away,1,55955,1,0,0,0,4,0
335,5227224,7458,away,1,605991,0,0,88,0,10,0
335,5227224,7458,away,1,494013,0,0,0,0,8,0
335,5227224,7458,away,1,270159,0,0,0,0,2,0
335,5227224,7458,away,1,544941,0,0,92,0,23,0
335,5227224,7458,away,1,393932,0,0,0,0,1,0
335,5575673,7453,home,1,609365,0,0,0,0,11,0
335,5575673,7453,home,1,26652,0,0,0,0,10,1
335,5575673,7453,home,1,628964,1,0,0,0,2,0
335,5575673,7453,home,1,69374,0,0,0,0,22,0
335,5575673,7453,home,1,281248,0,0,0,0,4,0
335,5575673,7453,home,1,240050,0,0,0,0,30,0
335,5575673,7453,home,1,510447,0,0,0,0,24,0
335,5575673,7453,home,1,562633,0,0,0,0,7,0
335,5575673,7453,home,1,269698,0,0,0,0,1,0
335,5575673,7453,home,1,372289,1,1,0,0,5,0
335,5575673,7453,home,1,658561,0,0,0,0,28,0
335,5575673,7457,away,1,604144,0,0,0,0,15,0
335,5575673,7457,away,1,633197,0,0,0,0,19,0
335,5575673,7457,away,1,400354,0,0,47,0,8,0
335,5575673,7457,away,1,347591,0,0,94,0,2,0
335,5575673,7457,away,1,289668,0,0,0,0,5,0
335,5575673,7457,away,1,443851,0,0,0,0,11,0
335,5575673,7457,away,1,56092,0,0,0,0,1,0
335,5575673,7457,away,1,451410,0,0,0,0,7,0
335,5575673,7457,away,1,190470,0,0,45,0,6,0
335,5575673,7457,away,1,56273,1,0,0,0,9,0
335,5575673,7457,away,1,454213,1,0,62,0,31,0
335,5575666,7453,home,1,609365,0,0,0,0,11,0
335,5575666,7453,home,1,628964,0,0,0,0,2,0
335,5575666,7453,home,1,658561,1,0,87,0,28,0
335,5575666,7453,home,1,26652,0,0,96,0,10,0
335,5575666,7453,home,1,69374,0,0,0,0,22,0
335,5575666,7453,home,1,281248,0,0,0,0,4,0
335,5575666,7453,home,1,240050,0,0,38,0,30,0
335,5575666,7453,home,1,510447,0,0,0,0,24,0
335,5575666,7453,home,1,562633,0,0,36,0,7,1
335,5575666,7453,home,1,269698,0,0,0,0,1,0
335,5575666,7453,home,1,372289,0,0,0,0,5,0
335,5575666,7458,away,1,239006,0,0,0,0,6,0
335,5575666,7458,away,1,524508,0,0,0,0,11,0
335,5575666,7458,away,1,544348,0,0,0,0,9,0
335,5575666,7458,away,1,636225,0,0,0,0,27,0
335,5575666,7458,away,1,495728,0,0,0,0,5,0
335,5575666,7458,away,1,224154,0,0,0,0,13,0
335,5575666,7458,away,1,620366,0,0,0,0,39,0
335,5575666,7458,away,1,682098,0,0,38,0,8,0
335,5575666,7458,away,1,568962,0,0,72,0,14,0
335,5575666,7458,away,1,55955,0,0,0,0,4,0
335,5575666,7458,away,1,544941,0,0,0,0,23,0
335,5227241,7453,home,1,334043,0,0,0,0,8,0
335,5227241,7453,home,1,399566,0,0,0,0,17,0
335,5227241,7453,home,1,513075,0,0,0,0,23,0
335,5227241,7453,home,1,257943,0,0,0,0,11,0
335,5227241,7453,home,1,169212,1,0,0,0,27,0
335,5227241,7453,home,1,244135,0,0,0,0,5,0
335,5227241,7453,home,1,69374,0,0,0,0,22,0
335,5227241,7453,home,1,56079,0,0,0,0,14,0
335,5227241,7453,home,1,412012,0,0,0,0,18,0
335,5227241,7453,home,1,544937,0,0,0,0,19,0
335,5227241,7453,home,1,476345,0,0,0,0,30,0
335,5227241,7461,away,1,56292,0,0,0,0,24,0
335,5227241,7461,away,1,56396,0,0,0,0,11,0
335,5227241,7461,away,1,450074,0,0,0,0,21,0
335,5227241,7461,away,1,372291,0,0,0,0,15,0
335,5227241,7461,away,1,423422,0,0,0,0,4,0
335,5227241,7461,away,1,347364,1,0,0,0,14,0
335,5227241,7461,away,1,56378,0,0,0,0,30,0
335,5227241,7461,away,1,562633,0,0,0,0,7,1
335,5227241,7461,away,1,449482,0,0,0,0,2,0
335,5227241,7461,away,1,433757,0,0,0,0,8,0
335,5227241,7461,away,1,288618,0,0,27,0,20,0
335,5575650,7453,home,1,26652,0,0,0,0,10,0
335,5575650,7453,home,1,510447,0,0,0,0,24,0
335,5575650,7453,home,1,658561,0,0,0,0,28,0
335,5575650,7453,home,1,281248,0,0,0,0,4,0
335,5575650,7453,home,1,240050,0,0,0,0,30,0
335,5575650,7453,home,1,334043,0,0,0,0,8,0
335,5575650,7453,home,1,54485,1,0,0,0,9,0
335,5575650,7453,home,1,269698,0,0,0,0,1,0
335,5575650,7453,home,1,372289,0,0,83,0,5,0
335,5575650,7453,home,1,268785,0,0,0,0,31,0
335,5575650,7453,home,1,562633,0,0,0,0,7,0
335,5575650,7461,away,1,433757,0,0,0,0,8,0
335,5575650,7461,away,1,404162,0,0,0,0,17,0
335,5575650,7461,away,1,399558,0,0,0,0,2,0
335,5575650,7461,away,1,449721,1,0,0,0,5,0
335,5575650,7461,away,1,450074,0,0,0,0,21,0
335,5575650,7461,away,1,423422,0,0,0,0,4,0
335,5575650,7461,away,1,347364,0,0,0,0,14,0
335,5575650,7461,away,1,56378,0,0,0,0,1,0
335,5575650,7461,away,1,450799,0,0,0,0,6,0
335,5575650,7461,away,1,565163,0,0,0,0,25,0
335,5575650,7461,away,1,576284,0,0,0,0,23,0
335,5227287,7453,home,1,449089,0,0,0,0,25,0
335,5227287,7453,home,1,363625,0,0,0,0,15,0
335,5227287,7453,home,1,169212,0,0,0,0,27,0
335,5227287,7453,home,1,69374,0,0,0,0,22,0
335,5227287,7453,home,1,257943,1,0,0,0,11,0
335,5227287,7453,home,1,244135,0,0,0,0,5,0
335,5227287,7453,home,1,676912,0,0,0,0,3,0
335,5227287,7453,home,1,56079,0,0,0,0,14,0
335,5227287,7453,home,1,412012,0,0,0,0,18,0
335,5227287,7453,home,1,544937,1,0,0,0,19,0
335,5227287,7453,home,1,476345,0,0,0,0,30,0
335,5227287,7460,away,1,443690,0,0,0,0,25,0
335,5227287,7460,away,1,449617,0,0,0,0,15,0
335,5227287,7460,away,1,449175,1,0,0,0,29,0
335,5227287,7460,away,1,56456,0,0,0,0,3,0
335,5227287,7460,away,1,57693,0,0,0,0,19,0
335,5227287,7460,away,1,492788,0,0,0,0,11,0
335,5227287,7460,away,1,476346,0,0,0,0,13,0
335,5227287,7460,away,1,50868,0,0,0,0,16,0
335,5227287,7460,away,1,234375,0,0,0,0,14,0
335,5227287,7460,away,1,239006,0,0,0,0,6,1
335,5227287,7460,away,1,372130,0,0,84,0,2,0
335,5345405,7453,home,1,26652,0,0,65,0,10,0
335,5345405,7453,home,1,519629,0,0,0,0,32,0
335,5345405,7453,home,1,514807,0,0,0,0,36,0
335,5345405,7453,home,1,510447,0,0,61,0,24,1
335,5345405,7453,home,1,636921,1,0,0,0,41,0
335,5345405,7453,home,1,513075,0,0,0,0,23,0
335,5345405,7453,home,1,356393,0,0,0,0,6,0
335,5345405,7453,home,1,69374,1,0,0,0,22,0
335,5345405,7453,home,1,334043,0,0,0,0,8,0
335,5345405,7453,home,1,207480,0,0,0,0,4,0
335,5345405,7453,home,1,56223,0,0,0,0,16,0
335,5345405,7460,away,1,623240,0,0,0,0,21,0
335,5345405,7460,away,1,120911,0,0,0,0,7,0
335,5345405,7460,away,1,57693,0,0,67,0,19,0
335,5345405,7460,away,1,549177,0,0,43,0,25,0
335,5345405,7460,away,1,56138,0,0,0,0,9,0
335,5345405,7460,away,1,56297,0,0,12,0,4,0
335,5345405,7460,away,1,50868,0,0,0,0,16,0
335,5345405,7460,away,1,239006,0,0,0,0,6,0
335,5345405,7460,away,1,56068,0,0,0,0,1,0
335,5345405,7460,away,1,372130,0,0,73,0,2,0
335,5345405,7460,away,1,55206,0,0,0,0,10,0
335,5328125,7452,away,1,15080,0,0,0,0,9,0
335,5328125,7452,away,1,621653,0,0,0,0,17,0
335,5328125,7452,away,1,51144,0,0,0,0,15,0
335,5328125,7452,away,1,56625,0,0,0,0,22,0
335,5328125,7452,away,1,335381,0,0,61,86,2,1
335,5328125,7452,away,1,262121,0,0,0,0,3,0
335,5328125,7452,away,1,406041,0,0,76,0,1,0
335,5328125,7452,away,1,56441,0,0,0,0,12,0
335,5328125,7452,away,1,42,0,0,0,0,20,0
335,5328125,7452,away,1,247223,1,0,0,0,16,0
335,5328125,7452,away,1,56145,0,0,0,0,33,0
335,5328125,7453,home,1,513075,0,0,46,0,23,0
335,5328125,7453,home,1,510447,0,0,0,0,24,0
335,5328125,7453,home,1,399566,0,0,0,0,17,0
335,5328125,7453,home,1,356393,0,0,0,0,6,0
335,5328125,7453,home,1,412012,0,0,0,0,18,0
335,5328125,7453,home,1,363625,0,0,0,0,15,0
335,5328125,7453,home,1,69374,0,0,0,0,22,0
335,5328125,7453,home,1,476345,0,0,0,0,30,0
335,5328125,7453,home,1,514807,0,0,56,0,36,0
335,5328125,7453,home,1,169212,0,0,76,0,27,0
335,5328125,7453,home,1,207480,0,0,0,0,4,0
335,5452150,7452,home,1,579409,0,0,35,0,27,0
335,5452150,7452,home,1,284716,0,0,0,0,9,0
335,5452150,7452,home,1,56625,0,0,0,0,22,0
335,5452150,7452,home,1,599991,0,0,0,0,30,0
335,5452150,7452,home,1,56441,0,0,0,0,12,0
335,5452150,7452,home,1,262121,0,0,0,0,3,0
335,5452150,7452,home,1,579397,0,0,93,0,19,0
335,5452150,7452,home,1,406041,0,0,0,0,1,0
335,5452150,7452,home,1,498845,0,0,0,0,15,0
335,5452150,7452,home,1,56145,0,0,0,0,33,0
335,5452150,7452,home,1,51144,0,0,0,0,7,0
335,5452150,7453,away,1,56079,0,0,29,0,14,0
335,5452150,7453,away,1,26652,0,0,0,0,10,0
335,5452150,7453,away,1,514807,0,0,93,0,36,0
335,5452150,7453,away,1,562633,0,0,43,0,7,1
335,5452150,7453,away,1,449763,0,0,0,0,4,0
335,5452150,7453,away,1,69374,0,0,0,0,22,0
335,5452150,7453,away,1,412012,0,0,0,0,18,0
335,5452150,7453,away,1,476345,0,0,0,0,1,0
335,5452150,7453,away,1,54485,1,0,0,0,9,0
335,5452150,7453,away,1,372289,0,0,0,0,5,0
335,5452150,7453,away,1,628964,0,0,0,0,2,0
335,5227203,7453,away,1,399566,0,0,14,0,17,0
335,5227203,7453,away,1,281253,0,0,0,0,7,0
335,5227203,7453,away,1,257943,0,0,0,0,11,0
335,5227203,7453,away,1,449089,0,0,0,0,25,0
335,5227203,7453,away,1,244135,0,0,0,0,5,0
335,5227203,7453,away,1,69374,0,0,0,0,22,0
335,5227203,7453,away,1,56079,1,0,0,0,14,0
335,5227203,7453,away,1,476345,0,0,0,0,30,0
335,5227203,7453,away,1,169212,0,0,0,0,27,0
335,5227203,7453,away,1,207480,0,0,0,0,4,0
335,5227203,7453,away,1,481900,0,0,85,0,42,0
335,5227203,7457,home,1,332593,1,0,66,0,17,0
335,5227203,7457,home,1,520617,0,0,0,0,4,0
335,5227203,7457,home,1,453315,0,0,0,0,27,0
335,5227203,7457,home,1,281247,0,0,0,0,13,0
335,5227203,7457,home,1,512155,0,0,0,0,21,0
335,5227203,7457,home,1,443851,0,0,0,0,11,0
335,5227203,7457,home,1,56092,0,0,0,0,1,0
335,5227203,7457,home,1,190470,0,0,0,0,6,0
335,5227203,7457,home,1,56434,0,0,0,0,15,0
335,5227203,7457,home,1,56031,0,0,0,0,10,1
335,5227203,7457,home,1,476349,0,0,0,0,37,0
335,5345390,7453,home,1,519629,0,0,0,0,32,0
335,5345390,7453,home,1,69374,1,0,40,0,22,0
335,5345390,7453,home,1,510447,0,0,0,0,24,0
335,5345390,7453,home,1,334043,0,0,0,0,8,0
335,5345390,7453,home,1,636921,0,0,0,0,41,0
335,5345390,7453,home,1,449089,0,0,0,0,25,0
335,5345390,7453,home,1,363625,0,0,0,0,15,0
335,5345390,7453,home,1,476345,0,0,0,0,1,0
335,5345390,7453,home,1,514807,0,0,78,0,36,0
335,5345390,7453,home,1,207480,0,0,0,0,4,0
335,5345390,7453,home,1,628964,0,0,0,0,2,0
335,5345390,7458,away,1,524508,0,0,0,0,11,0
335,5345390,7458,away,1,682098,1,0,0,0,7,0
335,5345390,7458,away,1,817448,1,0,35,0,37,0
335,5345390,7458,away,1,544934,0,0,0,0,6,1
335,5345390,7458,away,1,605991,0,0,0,0,10,0
335,5345390,7458,away,1,224154,0,0,0,0,13,0
335,5345390,7458,away,1,620366,0,0,0,0,39,0
335,5345390,7458,away,1,55955,0,0,0,0,4,0
335,5345390,7458,away,1,544936,0,0,55,0,18,0
335,5345390,7458,away,1,495728,0,0,0,0,5,0
335,5345390,7458,away,1,544941,0,0,0,0,23,0
335,5227280,7453,away,1,363625,0,0,0,0,15,0
335,5227280,7453,away,1,69374,0,0,0,0,22,0
335,5227280,7453,away,1,510447,0,0,0,0,24,0
335,5227280,7453,away,1,449089,0,0,57,0,25,0
335,5227280,7453,away,1,244135,0,0,0,0,5,0
335,5227280,7453,away,1,676912,0,0,0,0,3,0
335,5227280,7453,away,1,56079,0,0,0,0,14,0
335,5227280,7453,away,1,544937,0,0,0,0,19,0
335,5227280,7453,away,1,169212,0,0,0,0,27,1
335,5227280,7453,away,1,207480,0,0,67,0,4,0
335,5227280,7453,away,1,56223,0,0,0,0,16,0
335,5227280,7456,home,1,232015,0,0,0,0,14,0
335,5227280,7456,home,1,365445,0,0,0,0,11,0
335,5227280,7456,home,1,419211,0,0,0,0,8,0
335,5227280,7456,home,1,450212,0,0,0,0,23,0
335,5227280,7456,home,1,56143,0,0,0,0,7,0
335,5227280,7456,home,1,212663,0,0,41,0,5,0
335,5227280,7456,home,1,444298,0,0,0,0,17,0
335,5227280,7456,home,1,545144,0,0,0,0,6,0
335,5227280,7456,home,1,8668,0,0,0,0,16,0
335,5227280,7456,home,1,56073,0,0,38,0,3,0
335,5227280,7456,home,1,442106,0,0,0,0,9,0
335,5466009,7453,away,1,412012,0,0,0,31,18,0
335,5466009,7453,away,1,658561,0,0,0,0,28,0
335,5466009,7453,away,1,334043,0,0,0,0,8,1
335,5466009,7453,away,1,514807,0,0,0,0,36,1
335,5466009,7453,away,1,26652,0,0,70,0,10,0
335,5466009,7453,away,1,519629,0,0,62,0,32,0
335,5466009,7453,away,1,510447,0,0,0,0,24,0
335,5466009,7453,away,1,562633,1,0,0,0,7,0
335,5466009,7453,away,1,269698,0,0,79,0,1,0
335,5466009,7453,away,1,372289,0,0,0,0,5,0
335,5466009,7453,away,1,268785,2,0,0,0,31,0
335,5466009,7484,home,1,56095,0,0,0,0,6,0
335,5466009,7484,home,1,3340,0,0,34,0,5,0
335,5466009,7484,home,1,399781,0,0,0,0,21,1
335,5466009,7484,home,1,738389,0,0,0,0,7,0
335,5466009,7484,home,1,527579,1,0,0,0,22,0
335,5466009,7484,home,1,551993,1,0,0,0,13,0
335,5466009,7484,home,1,351054,0,0,0,0,20,0
335,5466009,7484,home,1,535617,0,0,0,0,1,0
335,5466009,7484,home,1,56365,0,0,0,0,30,0
335,5466009,7484,home,1,246509,0,0,0,0,23,0
335,5466009,7484,home,1,523123,0,0,0,0,42,1
335,5465952,7453,away,1,514807,0,0,0,0,36,0
335,5465952,7453,away,1,334043,0,0,69,0,8,0
335,5465952,7453,away,1,54485,1,0,0,0,9,0
335,5465952,7453,away,1,676912,0,0,0,0,3,0
335,5465952,7453,away,1,26652,0,0,0,0,10,0
335,5465952,7453,away,1,519629,0,0,11,0,32,0
335,5465952,7453,away,1,281248,0,0,0,0,4,0
335,5465952,7453,away,1,56079,0,0,0,0,14,0
335,5465952,7453,away,1,510447,0,0,0,0,24,0
335,5465952,7453,away,1,562633,0,0,77,0,7,0
335,5465952,7453,away,1,269698,0,0,0,0,1,0
335,5465952,7473,home,1,56635,0,0,30,0,8,0
335,5465952,7473,home,1,603772,0,0,37,0,25,0
335,5465952,7473,home,1,266532,0,0,0,0,15,0
335,5465952,7473,home,1,530524,0,0,0,0,9,0
335,5465952,7473,home,1,215507,0,0,0,0,5,0
335,5465952,7473,home,1,505392,0,0,0,0,59,0
335,5465952,7473,home,1,50800,0,0,0,0,3,0
335,5465952,7473,home,1,447762,0,0,0,0,1,0
335,5465952,7473,home,1,569600,0,0,0,0,4,0
335,5465952,7473,home,1,7302,0,0,99,0,6,0
335,5465952,7473,home,1,239259,0,0,0,0,13,0
335,5465938,7453,home,1,363625,0,0,61,0,15,1
335,5465938,7453,home,1,334043,0,0,0,0,8,0
335,5465938,7453,home,1,26652,0,0,0,0,10,0
335,5465938,7453,home,1,514807,1,0,0,0,36,0
335,5465938,7453,home,1,519629,0,0,0,0,32,0
335,5465938,7453,home,1,676912,0,0,0,0,3,0
335,5465938,7453,home,1,281248,0,0,0,0,4,0
335,5465938,7453,home,1,56079,0,0,0,0,14,1
335,5465938,7453,home,1,562633,1,0,0,0,7,0
335,5465938,7453,home,1,54485,0,0,95,0,9,0
335,5465938,7453,home,1,56223,0,0,0,0,16,0
335,5465938,7484,away,1,351054,0,0,40,49,20,0
335,5465938,7484,away,1,37948,0,0,0,0,18,0
335,5465938,7484,away,1,38229,0,0,11,0,3,0
335,5465938,7484,away,1,56365,0,0,0,0,30,0
335,5465938,7484,away,1,399781,0,0,0,0,21,0
335,5465938,7484,away,1,523123,0,0,0,0,42,0
335,5465938,7484,away,1,56095,0,0,0,0,6,0
335,5465938,7484,away,1,224165,0,0,0,0,26,0
335,5465938,7484,away,1,535617,0,0,0,0,1,0
335,5465938,7484,away,1,246509,0,0,0,0,23,0
335,5465938,7484,away,1,594473,0,0,0,0,24,0
335,5227263,7453,away,1,257943,0,0,0,0,11,0
335,5227263,7453,away,1,69374,0,0,0,0,22,0
335,5227263,7453,away,1,169212,0,0,0,0,27,0
335,5227263,7453,away,1,449089,0,0,0,0,25,0
335,5227263,7453,away,1,399566,0,0,0,0,17,0
335,5227263,7453,away,1,244135,0,0,57,0,5,0
335,5227263,7453,away,1,56079,0,0,0,0,14,0
335,5227263,7453,away,1,412012,0,0,94,0,18,0
335,5227263,7453,away,1,544937,0,0,0,0,19,0
335,5227263,7453,away,1,476345,0,0,0,0,30,0
335,5227263,7453,away,1,207480,0,0,0,0,4,0
335,5227263,7462,home,1,380839,0,0,0,0,14,0
335,5227263,7462,home,1,50928,0,0,0,0,12,0
335,5227263,7462,home,1,56210,0,0,0,0,20,0
335,5227263,7462,home,1,507530,1,0,0,0,90,0
335,5227263,7462,home,1,284613,0,0,0,0,7,0
335,5227263,7462,home,1,14828,0,0,0,0,15,0
335,5227263,7462,home,1,606320,0,0,0,0,6,0
335,5227263,7462,home,1,51188,0,0,0,0,1,0
335,5227263,7462,home,1,449066,0,1,0,0,2,0
335,5227263,7462,home,1,65950,0,0,0,0,8,0
335,5227263,7462,home,1,449750,0,0,0,0,18,0
335,5452158,7453,away,1,562633,0,0,0,0,7,0
335,5452158,7453,away,1,496678,1,0,0,0,11,0
335,5452158,7453,away,1,514807,0,0,0,0,36,0
335,5452158,7453,away,1,363625,0,0,0,0,15,0
335,5452158,7453,away,1,519629,0,0,0,0,32,0
335,5452158,7453,away,1,69374,0,0,0,0,22,0
335,5452158,7453,away,1,56079,0,0,0,0,14,0
335,5452158,7453,away,1,412012,0,0,0,0,18,0
335,5452158,7453,away,1,476345,0,0,0,0,1,0
335,5452158,7453,away,1,54485,0,0,0,0,9,0
335,5452158,7453,away,1,372289,0,0,0,0,5,0
335,5452158,7456,home,1,603456,0,0,0,0,12,0
335,5452158,7456,home,1,444298,0,0,0,0,17,0
335,5452158,7456,home,1,638476,0,0,0,0,30,0
335,5452158,7456,home,1,619908,0,0,0,0,2,0
335,5452158,7456,home,1,232015,1,0,0,0,14,0
335,5452158,7456,home,1,436881,0,0,0,0,24,0
335,5452158,7456,home,1,593207,0,0,12,0,7,0
335,5452158,7456,home,1,56334,0,0,0,0,13,1
335,5452158,7456,home,1,538640,0,0,0,0,1,0
335,5452158,7456,home,1,334056,0,0,0,0,4,0
335,5452158,7456,home,1,449421,0,0,0,0,23,0
335,5452147,7453,home,1,449089,0,0,0,0,25,0
335,5452147,7453,home,1,169212,0,0,0,0,27,0
335,5452147,7453,home,1,356393,0,0,0,0,6,0
335,5452147,7453,home,1,54485,0,0,0,0,9,0
335,5452147,7453,home,1,562633,0,0,0,0,7,0
335,5452147,7453,home,1,449763,0,0,0,0,4,0
335,5452147,7453,home,1,56079,0,0,0,0,14,0
335,5452147,7453,home,1,476345,0,0,0,0,1,0
335,5452147,7453,home,1,514807,0,0,0,0,36,0
335,5452147,7453,home,1,372289,0,0,0,0,5,0
335,5452147,7453,home,1,628964,0,0,0,0,2,0
335,5452147,7462,away,1,507530,1,0,29,0,90,1
335,5452147,7462,away,1,397171,0,0,0,0,10,0
335,5452147,7462,away,1,449750,1,0,0,0,18,0
335,5452147,7462,away,1,609365,0,0,0,0,40,0
335,5452147,7462,away,1,252417,0,0,0,0,8,0
335,5452147,7462,away,1,14828,0,0,0,0,15,0
335,5452147,7462,away,1,277713,0,0,0,0,4,0
335,5452147,7462,away,1,347513,0,0,0,0,5,0
335,5452147,7462,away,1,606320,0,0,0,0,6,1
335,5452147,7462,away,1,619567,0,0,88,0,16,0
335,5452147,7462,away,1,51188,0,0,0,0,1,0
335,5466032,7453,home,1,628964,0,0,0,0,2,0
335,5466032,7453,home,1,54485,0,0,0,0,9,0
335,5466032,7453,home,1,658561,0,0,0,0,28,0
335,5466032,7453,home,1,334043,0,0,0,0,8,0
335,5466032,7453,home,1,26652,1,0,89,0,10,0
335,5466032,7453,home,1,281248,0,0,0,0,4,0
335,5466032,7453,home,1,510447,0,0,0,0,24,0
335,5466032,7453,home,1,562633,0,0,0,0,7,0
335,5466032,7453,home,1,269698,0,0,0,0,1,0
335,5466032,7453,home,1,372289,0,0,0,0,5,0
335,5466032,7453,home,1,268785,0,0,0,0,31,0
335,5466032,7473,away,1,266532,0,0,0,0,15,0
335,5466032,7473,away,1,530524,0,0,0,0,9,0
335,5466032,7473,away,1,577574,0,0,0,0,19,0
335,5466032,7473,away,1,479138,0,0,0,0,17,0
335,5466032,7473,away,1,406016,0,0,0,0,38,0
335,5466032,7473,away,1,135789,0,0,70,0,20,0
335,5466032,7473,away,1,215507,0,0,0,0,5,0
335,5466032,7473,away,1,447762,0,0,89,0,1,0
335,5466032,7473,away,1,569600,1,0,0,0,4,0
335,5466032,7473,away,1,7302,0,0,60,0,6,0
335,5466032,7473,away,1,544932,0,0,86,0,14,0
335,5328121,7453,away,1,69374,0,0,0,0,22,0
335,5328121,7453,away,1,513075,0,0,0,0,23,0
335,5328121,7453,away,1,510447,0,0,0,0,24,0
335,5328121,7453,away,1,676912,0,0,0,0,3,0
335,5328121,7453,away,1,449089,0,0,74,0,25,0
335,5328121,7453,away,1,399566,0,0,0,0,17,0
335,5328121,7453,away,1,363625,0,0,0,0,15,1
335,5328121,7453,away,1,356393,0,0,72,0,6,0
335,5328121,7453,away,1,412012,0,0,0,0,18,0
335,5328121,7453,away,1,476345,0,0,0,0,30,0
335,5328121,7453,away,1,514807,1,0,0,0,36,0
335,5328121,7462,home,1,507530,0,0,0,29,90,0
335,5328121,7462,home,1,55960,0,0,0,0,9,0
335,5328121,7462,home,1,56210,0,0,0,0,20,0
335,5328121,7462,home,1,14828,0,0,0,0,15,0
335,5328121,7462,home,1,606320,1,0,0,0,6,0
335,5328121,7462,home,1,449421,0,0,0,0,19,0
335,5328121,7462,home,1,51188,0,0,0,0,1,0
335,5328121,7462,home,1,449066,0,0,0,0,2,0
335,5328121,7462,home,1,65950,0,0,0,0,8,0
335,5328121,7462,home,1,397171,0,0,0,0,10,0
335,5328121,7462,home,1,380839,0,0,0,0,14,1
335,5345492,7453,away,1,496678,0,0,0,0,11,0
335,5345492,7453,away,1,169212,0,0,12,0,27,1
335,5345492,7453,away,1,356393,0,0,0,0,6,0
335,5345492,7453,away,1,363625,0,0,0,0,15,0
335,5345492,7453,away,1,26652,0,0,0,0,10,0
335,5345492,7453,away,1,449763,0,0,0,0,4,0
335,5345492,7453,away,1,412012,0,0,83,0,18,0
335,5345492,7453,away,1,334043,0,0,0,0,8,0
335,5345492,7453,away,1,476345,0,0,0,0,1,0
335,5345492,7453,away,1,562633,0,0,82,0,7,0
335,5345492,7453,away,1,54485,1,0,0,0,9,0
335,5345492,7455,home,1,605625,0,0,0,0,37,0
335,5345492,7455,home,1,338870,0,0,2,0,25,0
335,5345492,7455,home,1,252418,0,0,0,0,6,0
335,5345492,7455,home,1,296672,0,0,0,0,29,0
335,5345492,7455,home,1,485562,0,0,0,0,5,0
335,5345492,7455,home,1,602976,0,0,0,0,10,0
335,5345492,7455,home,1,475110,0,0,0,0,11,0
335,5345492,7455,home,1,56394,0,0,0,0,14,0
335,5345492,7455,home,1,56038,0,0,0,0,1,0
335,5345492,7455,home,1,134997,0,0,0,0,8,0
335,5345492,7455,home,1,281244,0,0,0,0,4,0
335,5227318,7453,away,1,56079,0,0,0,0,14,0
335,5227318,7453,away,1,510447,0,0,0,0,24,0
335,5227318,7453,away,1,169212,0,0,0,0,27,0
335,5227318,7453,away,1,449089,0,0,0,0,25,1
335,5227318,7453,away,1,399566,0,0,0,0,17,0
335,5227318,7453,away,1,244135,0,0,0,0,5,0
335,5227318,7453,away,1,676912,0,0,0,0,3,0
335,5227318,7453,away,1,356393,0,0,0,0,6,0
335,5227318,7453,away,1,69374,0,0,0,0,22,0
335,5227318,7453,away,1,476345,0,0,0,0,30,0
335,5227318,7453,away,1,207480,0,0,0,0,4,0
335,5227318,7461,home,1,56292,0,0,0,0,24,0
335,5227318,7461,home,1,494548,0,0,0,0,27,0
335,5227318,7461,home,1,51672,0,0,0,0,28,0
335,5227318,7461,home,1,450074,0,0,0,0,21,0
335,5227318,7461,home,1,516745,0,0,0,0,29,0
335,5227318,7461,home,1,347364,0,0,0,0,14,0
335,5227318,7461,home,1,56396,0,0,0,0,11,0
335,5227318,7461,home,1,56378,0,0,0,0,1,0
335,5227318,7461,home,1,562633,0,0,0,0,7,0
335,5227318,7461,home,1,449482,0,0,0,0,2,0
335,5227318,7461,home,1,288618,0,0,0,0,20,0
335,5452162,7453,home,1,412012,0,0,47,0,18,0
335,5452162,7453,home,1,496678,0,0,0,0,11,1
335,5452162,7453,home,1,56079,0,0,0,0,14,0
335,5452162,7453,home,1,69374,0,0,0,0,22,0
335,5452162,7453,home,1,54485,1,0,0,0,9,0
335,5452162,7453,home,1,363625,0,0,0,0,15,0
335,5452162,7453,home,1,519629,0,0,0,0,32,0
335,5452162,7453,home,1,476345,0,0,0,0,1,0
335,5452162,7453,home,1,514807,3,0,0,0,36,1
335,5452162,7453,home,1,562633,0,0,0,0,7,2
335,5452162,7453,home,1,372289,0,0,0,0,5,0
335,5452162,7458,away,1,605991,0,0,0,0,10,0
335,5452162,7458,away,1,636225,0,0,0,0,27,0
335,5452162,7458,away,1,544941,0,0,0,0,23,0
335,5452162,7458,away,1,544348,0,0,0,0,9,0
335,5452162,7458,away,1,620379,0,0,0,0,29,0
335,5452162,7458,away,1,224154,0,0,0,0,13,0
335,5452162,7458,away,1,620366,0,0,0,0,39,0
335,5452162,7458,away,1,817448,1,0,0,0,37,0
335,5452162,7458,away,1,544934,0,0,0,0,6,0
335,5452162,7458,away,1,55955,0,0,0,0,4,0
335,5452162,7458,away,1,544936,0,0,0,0,18,0
335,5575661,7453,away,1,334043,0,0,0,0,8,0
335,5575661,7453,away,1,26652,0,0,0,0,10,0
335,5575661,7453,away,1,268785,0,0,0,0,31,1
335,5575661,7453,away,1,240050,0,0,28,0,30,0
335,5575661,7453,away,1,54485,1,0,0,0,9,0
335,5575661,7453,away,1,281248,0,0,0,0,4,0
335,5575661,7453,away,1,412012,0,0,0,0,18,0
335,5575661,7453,away,1,510447,0,0,0,0,24,0
335,5575661,7453,away,1,562633,1,0,49,0,7,0
335,5575661,7453,away,1,269698,0,0,0,0,1,0
335,5575661,7453,away,1,658561,0,0,0,0,28,0
335,5575661,7455,home,1,296672,0,0,0,0,29,0
335,5575661,7455,home,1,446138,0,0,0,0,35,0
335,5575661,7455,home,1,714791,1,0,0,0,11,0
335,5575661,7455,home,1,485562,0,0,0,0,5,0
335,5575661,7455,home,1,56394,1,0,21,0,14,0
335,5575661,7455,home,1,603240,0,0,0,0,10,0
335,5575661,7455,home,1,752487,1,0,0,0,17,0
335,5575661,7455,home,1,56038,0,0,0,0,1,0
335,5575661,7455,home,1,374129,0,0,0,0,22,0
335,5575661,7455,home,1,452592,0,0,0,0,24,0
335,5575661,7455,home,1,57347,0,0,47,0,15,1
